000001,平安银行,银行,深圳,7.16
000002,万  科Ａ,全国地产,深圳,24.03
000004,国农科技,生物制药,深圳,1207.92
000005,世纪星源,区域地产,深圳,0.0
000006,深振业Ａ,区域地产,深圳,39.72
000007,零七股份,酒店餐饮,深圳,0.0
000008,神州高铁,综合类,北京,209.35
000009,中国宝安,全国地产,深圳,29.7
000010,深华新,建筑施工,北京,1850.33
000011,深物业A,区域地产,深圳,135.47
000012,南  玻Ａ,玻璃,深圳,43.33
000014,沙河股份,全国地产,深圳,0.0
000016,深康佳Ａ,家用电器,深圳,0.0
000017,深中华A,文教休闲,深圳,10650.92
000018,神州长城,纺织,深圳,46.75
000019,深深宝Ａ,软饮料,深圳,0.0
000020,深华发Ａ,元器件,深圳,295.81
000021,深科技,电脑设备,深圳,94.59
000022,深赤湾Ａ,港口,深圳,21.47
000023,深天地Ａ,建筑施工,深圳,116.62
000024,招商地产,全国地产,深圳,35.26
000025,特  力Ａ,汽车服务,深圳,1130.61
000026,飞亚达Ａ,其他商业,深圳,46.53
000027,深圳能源,火力发电,深圳,18.15
000028,国药一致,医药商业,深圳,31.34
000029,深深房Ａ,区域地产,深圳,43.81
000030,富奥股份,汽车配件,吉林,23.9
000031,中粮地产,全国地产,深圳,34.22
000032,深桑达Ａ,元器件,深圳,0.0
000034,深信泰丰,综合类,深圳,201.19
000035,中国天楹,环境保护,江苏,58.95
000036,华联控股,全国地产,深圳,0.0
000037,深南电Ａ,火力发电,深圳,0.0
000038,深大通,区域地产,深圳,3074.18
000039,中集集团,轻工机械,深圳,23.73
000040,宝安地产,全国地产,深圳,167.37
000042,中洲控股,全国地产,深圳,16.83
000043,中航地产,全国地产,深圳,0.0
000045,深纺织Ａ,纺织,深圳,835.04
000046,泛海控股,全国地产,深圳,31.51
000048,康达尔,饲料,深圳,59.37
000049,德赛电池,电气设备,深圳,54.52
000050,深天马Ａ,元器件,深圳,51.55
000055,方大集团,其他建材,深圳,85.68
000056,皇庭国际,房产服务,深圳,393.8
000058,深 赛 格,元器件,深圳,165.33
000059,*ST华锦,石油加工,辽宁,137.59
000060,中金岭南,铅锌,深圳,230.48
000061,农 产 品,农业综合,深圳,492.41
000062,深圳华强,商贸代理,深圳,92.14
000063,中兴通讯,通信设备,深圳,21.0
000065,北方国际,建筑施工,深圳,61.25
000066,长城电脑,电脑设备,深圳,0.0
000068,*ST华赛,元器件,深圳,0.0
000069,华侨城Ａ,旅游景点,深圳,18.26
000070,特发信息,通信设备,深圳,98.11
000078,海王生物,生物制药,深圳,28.52
000088,盐 田 港,港口,深圳,31.75
000089,深圳机场,机场,深圳,36.52
000090,天健集团,建筑施工,深圳,28.88
000096,广聚能源,石油贸易,深圳,30.35
000099,中信海直,空运,深圳,46.4
000100,TCL 集团,家用电器,广东,18.03
000150,宜华健康,医疗保健,广东,13369.68
000151,中成股份,商贸代理,北京,61.95
000153,丰原药业,化学制药,安徽,75.61
000155,*ST川化,农药化肥,四川,0.0
000156,华数传媒,影视音像,浙江,90.43
000157,中联重科,工程机械,湖南,0.0
000158,常山股份,纺织,河北,0.0
000159,国际实业,石油贸易,新疆,0.0
000166,申万宏源,证券,新疆,13.87
000301,东方市场,综合类,江苏,39.52
000333,美的集团,家用电器,广东,8.54
000338,潍柴动力,汽车配件,山东,27.62
000400,许继电气,电气设备,河南,82.06
000401,冀东水泥,水泥,河北,0.0
000402,金 融 街,全国地产,北京,25.28
000403,ST生化,生物制药,江西,86.95
000404,华意压缩,专用机械,江西,21.48
000407,胜利股份,塑料,山东,215.61
000408,金谷源,商贸代理,河北,0.0
000409,山东地矿,普钢,山东,197.1
000410,沈阳机床,机床制造,辽宁,0.0
000411,英特集团,医药商业,浙江,67.65
000413,东旭光电,元器件,河北,23.14
000415,渤海租赁,多元金融,新疆,23.53
000416,民生控股,百货,山东,0.0
000417,合肥百货,百货,安徽,27.63
000418,小天鹅Ａ,家用电器,江苏,14.99
000419,通程控股,百货,湖南,36.38
000420,吉林化纤,化纤,吉林,458.51
000421,南京中北,公共交通,江苏,29.96
000422,湖北宜化,农药化肥,湖北,149.4
000423,东阿阿胶,中成药,山东,21.68
000425,徐工机械,工程机械,江苏,1824.01
000426,兴业矿业,小金属,内蒙,287.52
000428,华天酒店,酒店餐饮,湖南,330.49
000429,粤高速Ａ,路桥,广东,15.03
000430,张家界,旅游景点,湖南,27.49
000488,晨鸣纸业,造纸,山东,21.97
000498,山东路桥,建筑施工,山东,27.42
000501,鄂武商Ａ,百货,湖北,13.92
000502,绿景控股,区域地产,广东,0.0
000503,海虹控股,互联网,海南,0.0
000504,南华生物,出版业,湖南,0.0
000505,珠江控股,全国地产,海南,0.0
000506,中润资源,区域地产,山东,0.0
000507,珠海港,港口,广东,80.02
000509,华塑控股,其他建材,四川,0.0
000510,*ST金路,化工原料,四川,0.0
000511,烯碳新材,矿物制品,辽宁,344.85
000513,丽珠集团,中成药,广东,28.29
000514,渝 开 发,区域地产,重庆,230.36
000516,国际医学,百货,陕西,64.33
000517,荣安地产,区域地产,浙江,672.52
000518,四环生物,生物制药,江苏,0.0
000519,江南红箭,机械基件,湖南,67.99
000520,长航凤凰,水运,湖北,17.65
000521,美菱电器,家用电器,安徽,24.59
000523,广州浪奇,日用化工,广东,168.21
000524,岭南控股,酒店餐饮,广东,122.4
000525,红 太 阳,农药化肥,江苏,28.56
000526,银润投资,房产服务,福建,1855.24
000528,柳    工,工程机械,广西,296.61
000529,广弘控股,食品,广东,91.7
000530,大冷股份,机械基件,辽宁,47.27
000531,穗恒运Ａ,火力发电,广东,14.05
000532,力合股份,元器件,广东,228.72
000533,万 家 乐,家用电器,广东,35.89
000534,万泽股份,区域地产,深圳,72.71
000536,华映科技,元器件,福建,124.43
000537,广宇发展,区域地产,天津,30.95
000538,云南白药,中成药,云南,26.07
000539,粤电力Ａ,火力发电,广东,10.83
000540,中天城投,区域地产,贵州,18.66
000541,佛山照明,家用电器,广东,198.78
000543,皖能电力,火力发电,安徽,11.68
000544,中原环保,环境保护,河南,43.47
000545,金浦钛业,化工原料,吉林,62.44
000546,金圆股份,水泥,吉林,32.78
000547,航天发展,通信设备,福建,163.16
000548,湖南投资,路桥,湖南,558.97
000550,江铃汽车,汽车整车,江西,13.02
000551,创元科技,专用机械,江苏,109.4
000552,靖远煤电,煤炭开采,甘肃,45.38
000553,沙隆达Ａ,农药化肥,湖北,32.4
000554,泰山石油,石油贸易,山东,722.54
000555,神州信息,通信设备,深圳,124.57
000557,*ST广夏,红黄药酒,宁夏,31552.45
000558,莱茵体育,区域地产,浙江,0.0
000559,万向钱潮,汽车配件,浙江,63.22
000560,昆百大Ａ,百货,云南,785.91
000561,烽火电子,通信设备,陕西,1003.69
000563,陕国投Ａ,多元金融,陕西,29.7
000564,西安民生,百货,陕西,200.8
000565,渝三峡Ａ,染料涂料,重庆,26.26
000566,海南海药,化学制药,海南,74.21
000567,海德股份,区域地产,海南,221.48
000568,泸州老窖,白酒,四川,19.33
000570,苏常柴Ａ,农用机械,江苏,58.75
000571,新大洲Ａ,煤炭开采,海南,55.04
000572,海马汽车,汽车整车,海南,66.31
000573,粤宏远Ａ,区域地产,广东,0.0
000576,广东甘化,综合类,广东,69.98
000581,威孚高科,汽车配件,江苏,13.93
000582,北部湾港,港口,广西,40.63
000584,友利控股,化纤,江苏,251.76
000585,东北电气,电气设备,辽宁,0.0
000586,汇源通信,通信设备,四川,179.04
000587,金叶珠宝,批发业,黑龙江,123.35
000589,黔轮胎Ａ,汽车配件,贵州,49.57
000590,*ST古汉,中成药,湖南,115.39
000591,桐 君 阁,医药商业,重庆,3693.05
000592,平潭发展,林业,福建,402.88
000593,大通燃气,供气供热,四川,272.24
000595,宝塔实业,机械基件,宁夏,0.0
000596,古井贡酒,白酒,安徽,23.95
000597,东北制药,化学制药,辽宁,0.0
000598,兴蓉环境,水务,四川,21.29
000599,青岛双星,汽车配件,山东,100.63
000600,建投能源,火力发电,河北,7.75
000601,韶能股份,火力发电,广东,42.28
000603,盛达矿业,铅锌,北京,31.23
000605,渤海股份,水务,北京,103.82
000606,青海明胶,化学制药,青海,0.0
000607,华媒控股,广告包装,浙江,92.16
000608,阳光股份,区域地产,广西,170.35
000609,绵世股份,区域地产,北京,2551.15
000610,西安旅游,旅游服务,陕西,0.0
000611,*ST蒙发,纺织,内蒙,0.0
000612,焦作万方,铝,河南,329.51
000613,大东海A,旅游服务,海南,0.0
000615,湖北金环,化纤,湖北,20.95
000616,海航投资,全国地产,辽宁,138.38
000617,石油济柴,机械基件,山东,0.0
000619,海螺型材,其他建材,安徽,51.59
000620,新华联,区域地产,北京,109.78
000622,恒立实业,汽车配件,湖南,0.0
000623,吉林敖东,中成药,吉林,9.52
000625,长安汽车,汽车整车,重庆,8.77
000626,如意集团,商贸代理,江苏,24.96
000627,天茂集团,化工原料,湖北,0.0
000628,高新发展,园区开发,四川,0.0
000629,攀钢钒钛,普钢,四川,0.0
000630,铜陵有色,铜,安徽,148.66
000631,顺发恒业,区域地产,吉林,47.19
000632,三木集团,综合类,福建,3338.44
000633,合金投资,综合类,辽宁,0.0
000635,英 力 特,化工原料,宁夏,108.04
000636,风华高科,元器件,广东,141.4
000637,茂化实华,石油加工,广东,39.29
000638,万方发展,批发业,辽宁,0.0
000639,西王食品,食品,山东,34.98
000650,仁和药业,中成药,江西,35.65
000651,格力电器,家用电器,广东,9.67
000652,泰达股份,综合类,天津,82.44
000655,金岭矿业,普钢,山东,0.0
000656,金科股份,区域地产,重庆,20.43
000657,中钨高新,小金属,海南,0.0
000659,*ST中富,广告包装,广东,0.0
000661,长春高新,生物制药,吉林,42.37
000662,索芙特,日用化工,广西,0.0
000663,永安林业,林业,福建,644.24
000665,湖北广电,影视音像,湖北,33.38
000666,经纬纺机,纺织机械,北京,33.21
000667,美好集团,全国地产,云南,57.41
000668,荣丰控股,区域地产,上海,0.0
000669,金鸿能源,供气供热,吉林,37.02
000670,盈方微,元器件,湖北,0.0
000671,阳 光 城,区域地产,福建,29.26
000672,上峰水泥,水泥,甘肃,140.57
000673,当代东方,广告包装,山西,150.91
000676,智度投资,互联网,河南,0.0
000677,*ST海龙,化纤,山东,0.0
000678,襄阳轴承,机械基件,湖北,0.0
000679,大连友谊,百货,辽宁,53.8
000680,山推股份,工程机械,山东,0.0
000681,视觉中国,软件服务,江苏,196.47
000682,东方电子,电气设备,山东,177.0
000683,远兴能源,化工原料,内蒙,80.88
000685,中山公用,水务,广东,12.6
000686,东北证券,证券,吉林,10.97
000687,华讯方舟,化纤,河北,1332.79
000688,建新矿业,铅锌,重庆,81.86
000690,宝新能源,火力发电,广东,25.57
000691,亚太实业,区域地产,海南,0.0
000692,惠天热电,供气供热,辽宁,0.0
000693,华泽钴镍,小金属,四川,81.72
000695,滨海能源,供气供热,天津,0.0
000697,炼石有色,小金属,陕西,228.5
000698,沈阳化工,化工原料,辽宁,47.15
000700,模塑科技,汽车配件,江苏,25.23
000701,厦门信达,综合类,福建,81.92
000702,正虹科技,饲料,湖南,352.95
000703,恒逸石化,化纤,广西,1003.62
000705,浙江震元,医药商业,浙江,573.38
000707,双环科技,化工原料,湖北,261.35
000708,大冶特钢,特种钢,湖北,17.56
000709,河北钢铁,普钢,河北,48.17
000710,天兴仪表,汽车配件,四川,0.0
000711,*ST京蓝,软件服务,黑龙江,0.0
000712,锦龙股份,多元金融,广东,24.46
000713,丰乐种业,种植业,安徽,0.0
000715,中兴商业,百货,辽宁,83.85
000716,黑芝麻,食品,广西,49.78
000717,韶钢松山,钢加工,广东,0.0
000718,苏宁环球,区域地产,吉林,34.6
000719,大地传媒,出版业,河南,24.66
000720,新能泰山,火力发电,山东,78.97
000721,西安饮食,酒店餐饮,陕西,0.0
000722,湖南发展,水力发电,湖南,58.31
000723,美锦能源,焦炭加工,山西,0.0
000725,京东方Ａ,元器件,北京,39.04
000726,鲁  泰Ａ,纺织,山东,19.2
000727,华东科技,元器件,江苏,0.0
000728,国元证券,证券,安徽,15.11
000729,燕京啤酒,啤酒,北京,18.81
000731,四川美丰,农药化肥,四川,73.64
000732,泰禾集团,区域地产,福建,27.04
000733,振华科技,元器件,贵州,60.38
000735,罗 牛 山,农业综合,海南,113.77
000736,中房地产,全国地产,重庆,171.06
000737,南风化工,日用化工,山西,0.0
000738,中航动控,航空,江苏,178.08
000739,普洛药业,化学制药,浙江,37.57
000748,长城信息,电脑设备,湖南,322.23
000750,国海证券,证券,广西,18.17
000751,锌业股份,铅锌,辽宁,95.02
000752,西藏发展,啤酒,西藏,223.95
000753,漳州发展,汽车服务,福建,0.0
000755,山西三维,化工原料,山西,0.0
000756,新华制药,化学制药,山东,64.9
000757,浩物股份,汽车配件,四川,218.97
000758,中色股份,铅锌,北京,38.99
000759,中百集团,超市连锁,湖北,0.0
000760,斯太尔,汽车配件,江苏,0.0
000761,本钢板材,钢加工,辽宁,85.08
000762,西藏矿业,小金属,西藏,595.93
000766,通化金马,中成药,吉林,967.0
000767,漳泽电力,火力发电,山西,16.22
000768,中航飞机,航空,陕西,0.0
000776,广发证券,证券,广东,10.43
000777,中核科技,机械基件,江苏,175.11
000778,新兴铸管,钢加工,河北,59.17
000779,三毛派神,纺织,甘肃,0.0
000780,平庄能源,煤炭开采,内蒙,0.0
000782,美达股份,化纤,广东,68.44
000783,长江证券,证券,湖北,13.36
000785,武汉中商,百货,湖北,359.36
000786,北新建材,其他建材,北京,19.56
000788,北大医药,化学制药,重庆,0.0
000789,万年青,水泥,江西,27.55
000790,华神集团,中成药,四川,0.0
000791,甘肃电投,水力发电,甘肃,77.24
000792,盐湖股份,农药化肥,青海,50.59
000793,华闻传媒,出版业,海南,41.71
000795,太原刚玉,矿物制品,山西,0.0
000796,凯撒旅游,旅游服务,陕西,99.02
000797,中国武夷,全国地产,福建,88.21
000798,中水渔业,渔业,北京,221.04
000799,*ST酒鬼,白酒,湖南,64.87
000800,一汽轿车,汽车整车,吉林,806.84
000801,四川九洲,通信设备,四川,99.52
000802,北京文化,旅游服务,北京,2199.56
000803,金宇车城,纺织,四川,0.0
000806,银河生物,生物制药,广西,207.96
000807,云铝股份,铝,云南,0.0
000809,铁岭新城,区域地产,辽宁,0.0
000810,创维数字,元器件,四川,41.26
000811,烟台冰轮,工程机械,山东,22.12
000812,陕西金叶,广告包装,陕西,213.76
000813,天山纺织,纺织,新疆,569.93
000815,*ST美利,造纸,宁夏,0.0
000816,智慧农业,机械基件,江苏,623.92
000818,方大化工,化工原料,辽宁,77.52
000819,岳阳兴长,石油加工,湖南,214.03
000820,金城股份,造纸,辽宁,0.0
000821,京山轻机,轻工机械,湖北,288.75
000822,山东海化,化工原料,山东,44.72
000823,超声电子,元器件,广东,49.57
000825,太钢不锈,特种钢,山西,0.0
000826,启迪桑德,环境保护,湖北,38.1
000828,东莞控股,路桥,广东,15.14
000829,天音控股,其他商业,江西,0.0
000830,鲁西化工,农药化肥,山东,20.51
000831,五矿稀土,小金属,山西,0.0
000833,贵糖股份,造纸,广西,60.0
000835,长城动漫,影视音像,四川,451.54
000836,鑫茂科技,软件服务,天津,0.0
000837,秦川机床,机床制造,陕西,0.0
000838,财信发展,区域地产,北京,98.17
000839,中信国安,综合类,北京,108.36
000848,承德露露,软饮料,河北,26.11
000850,华茂股份,纺织,安徽,53.68
000851,高鸿股份,软件服务,贵州,184.6
000852,石化机械,化工机械,湖北,0.0
000856,冀东装备,机械基件,河北,0.0
000858,五 粮 液,白酒,四川,15.22
000859,国风塑业,塑料,安徽,0.0
000860,顺鑫农业,白酒,北京,28.49
000861,海印股份,房产服务,广东,110.81
000862,银星能源,新型电力,宁夏,0.0
000863,三湘股份,区域地产,上海,633.6
000868,安凯客车,汽车整车,安徽,150.33
000869,张  裕Ａ,红黄药酒,山东,25.23
000875,吉电股份,火力发电,吉林,170.32
000876,新 希 望,饲料,四川,16.72
000877,天山股份,水泥,新疆,0.0
000878,云南铜业,铜,云南,0.0
000880,潍柴重机,机械基件,山东,132.63
000881,大连国际,综合类,辽宁,0.0
000882,华联股份,百货,北京,40.03
000883,湖北能源,火力发电,湖北,13.52
000885,同力水泥,水泥,河南,66.89
000886,海南高速,路桥,海南,85.76
000887,中鼎股份,橡胶,安徽,29.65
000888,峨眉山Ａ,旅游景点,四川,39.0
000889,茂业通信,通信设备,河北,57.56
000890,法 尔 胜,钢加工,江苏,1277.53
000892,*ST星美,通信设备,重庆,0.0
000893,东凌粮油,食品,广东,0.0
000895,双汇发展,食品,河南,14.83
000897,津滨发展,区域地产,天津,0.0
000898,鞍钢股份,普钢,辽宁,0.0
000899,赣能股份,火力发电,江西,11.95
000900,现代投资,路桥,湖南,17.98
000901,航天科技,航空,黑龙江,445.06
000902,新洋丰,农药化肥,湖北,20.53
000903,云内动力,机械基件,云南,35.36
000905,厦门港务,港口,福建,35.85
000906,物产中拓,批发业,湖南,65.81
000908,景峰医药,化学制药,湖南,56.39
000909,数源科技,综合类,浙江,171.21
000910,大亚科技,家居用品,江苏,42.52
000911,南宁糖业,食品,广西,103.93
000912,*ST天化,农药化肥,四川,576.67
000913,钱江摩托,摩托车,浙江,0.0
000915,山大华特,生物制药,山东,53.6
000916,华北高速,路桥,北京,25.9
000917,电广传媒,影视音像,湖南,82.86
000918,嘉凯城,全国地产,湖南,0.0
000919,金陵药业,中成药,江苏,38.58
000920,南方汇通,运输设备,贵州,131.3
000921,海信科龙,家用电器,广东,21.08
000922,佳电股份,电气设备,黑龙江,0.0
000923,河北宣工,工程机械,河北,0.0
000925,众合科技,专用机械,浙江,561.26
000926,福星股份,区域地产,湖北,14.35
000927,*ST夏利,汽车整车,天津,0.0
000928,中钢国际,建筑施工,吉林,22.03
000929,兰州黄河,啤酒,甘肃,21.83
000930,中粮生化,食品,安徽,0.0
000931,中 关 村,区域地产,北京,37.19
000932,华菱钢铁,普钢,湖南,0.0
000933,神火股份,煤炭开采,河南,0.0
000935,四川双马,水泥,四川,0.0
000936,华西股份,化纤,江苏,143.11
000937,冀中能源,煤炭开采,河北,7762.3
000938,紫光股份,软件服务,北京,127.72
000939,凯迪生态,火力发电,湖北,62.43
000948,南天信息,软件服务,云南,0.0
000949,新乡化纤,化纤,河南,32.91
000950,建峰化工,农药化肥,重庆,0.0
000951,中国重汽,汽车整车,山东,26.44
000952,广济药业,化学制药,湖北,0.0
000953,河池化工,农药化肥,广西,0.0
000955,欣龙控股,纺织,海南,0.0
000957,中通客车,汽车整车,山东,28.19
000958,东方能源,火力发电,河北,37.94
000959,首钢股份,普钢,北京,0.0
000960,锡业股份,小金属,云南,0.0
000961,中南建设,建筑施工,江苏,29.81
000962,东方钽业,小金属,宁夏,0.0
000963,华东医药,化学制药,浙江,27.73
000965,天保基建,区域地产,天津,56.94
000966,长源电力,火力发电,湖北,7.68
000967,上风高科,电气设备,浙江,186.8
000968,煤 气 化,煤炭开采,山西,0.0
000969,安泰科技,钢加工,北京,96.92
000970,中科三环,元器件,北京,62.37
000971,高升控股,纺织,湖北,0.0
000972,新中基,食品,新疆,0.0
000973,佛塑科技,塑料,广东,236.05
000975,银泰资源,铅锌,内蒙,63.94
000976,*ST春晖,化纤,广东,0.0
000977,浪潮信息,电脑设备,山东,69.68
000978,桂林旅游,旅游景点,广西,106.09
000979,中弘股份,区域地产,安徽,22.44
000980,金马股份,电器仪表,安徽,78.88
000981,银亿股份,区域地产,甘肃,41.48
000982,中银绒业,纺织,宁夏,326.66
000983,西山煤电,煤炭开采,山西,44.89
000985,大庆华科,化工原料,黑龙江,0.0
000987,广州友谊,百货,广东,46.1
000988,华工科技,电器仪表,湖北,103.85
000989,九 芝 堂,中成药,湖南,61.58
000990,诚志股份,化工原料,江西,611.78
000993,闽东电力,水力发电,福建,44.72
000995,*ST皇台,白酒,甘肃,0.0
000996,中国中期,公路,北京,442.54
000997,新 大 陆,软件服务,福建,60.78
000998,隆平高科,种植业,湖南,107.75
000999,华润三九,中成药,深圳,22.76
001696,宗申动力,摩托车,重庆,39.81
001896,豫能控股,火力发电,河南,19.19
002001,新 和 成,化学制药,浙江,44.76
002002,鸿达兴业,塑料,江苏,58.5
002003,伟星股份,服饰,浙江,28.94
002004,华邦健康,化学制药,重庆,34.42
002005,德豪润达,家用电器,广东,151.84
002006,精功科技,工程机械,浙江,979.24
002007,华兰生物,生物制药,河南,37.66
002008,大族激光,电器仪表,深圳,32.24
002009,天奇股份,工程机械,江苏,97.76
002010,传化股份,染料涂料,浙江,193.15
002011,盾安环境,工程机械,浙江,127.6
002012,凯恩股份,造纸,浙江,155.51
002013,中航机电,汽车配件,湖北,77.96
002014,永新股份,塑料,安徽,38.12
002015,*ST霞客,化纤,江苏,23.83
002016,世荣兆业,区域地产,广东,167.37
002017,东信和平,通信设备,广东,111.98
002018,华信国际,农药化肥,安徽,3751.71
002019,亿帆鑫富,化学制药,浙江,31.5
002020,京新药业,化学制药,浙江,42.89
002021,中捷资源,纺织机械,浙江,0.0
002022,科华生物,生物制药,上海,56.18
002023,海特高新,航空,四川,225.67
002024,苏宁云商,电器连锁,江苏,1394.68
002025,航天电器,元器件,贵州,47.7
002026,山东威达,机械基件,山东,76.09
002027,七喜控股,电脑设备,广东,0.0
002028,思源电气,电气设备,上海,29.97
002029,七 匹 狼,服饰,福建,37.58
002030,达安基因,生物制药,广东,246.32
002031,巨轮智能,汽车配件,广东,72.94
002032,苏 泊 尔,家用电器,浙江,19.31
002033,丽江旅游,旅游景点,云南,23.41
002034,美 欣 达,纺织,浙江,128.53
002035,华帝股份,家用电器,广东,32.06
002036,汉麻产业,服饰,浙江,107.04
002037,久联发展,化工原料,贵州,73.76
002038,双鹭药业,生物制药,北京,33.84
002039,黔源电力,水力发电,贵州,16.54
002040,南 京 港,港口,江苏,184.24
002041,登海种业,种植业,山东,58.87
002042,华孚色纺,纺织,安徽,26.61
002043,兔 宝 宝,其他建材,浙江,94.05
002044,江苏三友,服饰,江苏,356.98
002045,国光电器,元器件,广东,225.43
002046,轴研科技,机械基件,河南,0.0
002047,宝鹰股份,装修装饰,深圳,37.53
002048,宁波华翔,汽车配件,浙江,35.04
002049,同方国芯,元器件,河北,103.65
002050,三花股份,机械基件,浙江,23.81
002051,中工国际,建筑施工,北京,22.57
002052,同洲电子,通信设备,深圳,523.93
002053,云南盐化,化工原料,云南,71.78
002054,德美化工,化工原料,广东,12.75
002055,得润电子,元器件,深圳,125.56
002056,横店东磁,元器件,浙江,29.2
002057,中钢天源,元器件,安徽,169.52
002058,威 尔 泰,电器仪表,上海,0.0
002059,云南旅游,旅游景点,云南,144.32
002060,粤 水 电,建筑施工,广东,60.42
002061,江山化工,化工原料,浙江,0.0
002062,宏润建设,建筑施工,浙江,34.62
002063,远光软件,软件服务,广东,83.24
002064,华峰氨纶,化纤,浙江,31.47
002065,东华软件,软件服务,北京,44.87
002066,瑞泰科技,其他建材,北京,0.0
002067,景兴纸业,造纸,浙江,1038.87
002068,黑猫股份,化工原料,江西,236.25
002069,獐 子 岛,渔业,辽宁,2080.92
002070,众和股份,纺织,福建,0.0
002071,长城影视,影视音像,江苏,88.13
002072,凯瑞德,纺织,山东,0.0
002073,软控股份,软件服务,山东,59.81
002074,国轩高科,电气设备,江苏,68.57
002075,沙钢股份,特种钢,江苏,0.0
002076,雪 莱 特,家用电器,广东,137.99
002077,大港股份,区域地产,江苏,0.0
002078,太阳纸业,造纸,山东,23.94
002079,苏州固锝,半导体,江苏,365.54
002080,中材科技,化纤,江苏,26.46
002081,金 螳 螂,装修装饰,江苏,16.53
002082,栋梁新材,铝,浙江,25.83
002083,孚日股份,纺织,山东,25.49
002084,海鸥卫浴,家居用品,广东,95.01
002085,万丰奥威,汽车配件,浙江,53.65
002086,东方海洋,渔业,山东,164.54
002087,新野纺织,纺织,河南,30.79
002088,鲁阳节能,矿物制品,山东,79.72
002089,新 海 宜,通信设备,江苏,72.46
002090,金智科技,软件服务,江苏,59.89
002091,江苏国泰,商贸代理,江苏,38.4
002092,中泰化学,化工原料,新疆,196.7
002093,国脉科技,电信运营,福建,346.97
002094,青岛金王,日用化工,山东,52.07
002095,生 意 宝,互联网,浙江,722.91
002096,南岭民爆,化工原料,湖南,73.07
002097,山河智能,工程机械,湖南,0.0
002098,浔兴股份,服饰,福建,54.93
002099,海翔药业,化学制药,浙江,24.15
002100,天康生物,饲料,新疆,32.26
002101,广东鸿图,机械基件,广东,42.54
002102,冠福股份,陶瓷,福建,101.04
002103,广博股份,文教休闲,浙江,75.18
002104,恒宝股份,元器件,江苏,54.69
002105,信隆实业,文教休闲,深圳,0.0
002106,莱宝高科,元器件,深圳,0.0
002107,沃华医药,中成药,山东,100.27
002108,沧州明珠,塑料,河北,50.28
002109,兴化股份,化工原料,陕西,0.0
002110,三钢闽光,普钢,福建,0.0
002111,威海广泰,航空,山东,86.89
002112,三变科技,电气设备,浙江,463.27
002113,天润控股,农药化肥,湖南,0.0
002114,罗平锌电,铅锌,云南,0.0
002115,三维通信,通信设备,浙江,399.58
002116,中国海诚,建筑施工,上海,31.72
002117,东港股份,广告包装,山东,83.38
002118,紫鑫药业,中成药,吉林,0.0
002119,康强电子,半导体,浙江,0.0
002120,新海股份,家居用品,浙江,80.72
002121,科陆电子,电器仪表,深圳,72.6
002122,天马股份,机械基件,浙江,164.24
002123,荣信股份,电气设备,辽宁,116.06
002124,天邦股份,饲料,浙江,104.3
002125,湘潭电化,化工原料,湖南,381.03
002126,银轮股份,汽车配件,浙江,33.29
002127,新民科技,纺织,江苏,1020.25
002128,露天煤业,煤炭开采,内蒙,34.86
002129,中环股份,半导体,天津,139.22
002130,沃尔核材,电气设备,深圳,23.77
002131,利欧股份,农用机械,浙江,76.52
002132,恒星科技,钢加工,河南,74.21
002133,广宇集团,全国地产,浙江,0.0
002134,天津普林,元器件,天津,0.0
002135,东南网架,建筑施工,浙江,142.21
002136,安 纳 达,化工原料,安徽,0.0
002137,麦达数字,元器件,深圳,2774.37
002138,顺络电子,元器件,深圳,39.57
002139,拓邦股份,元器件,深圳,69.77
002140,东华科技,建筑施工,安徽,60.68
002141,蓉胜超微,元器件,广东,0.0
002142,宁波银行,银行,浙江,8.05
002143,印纪传媒,影视音像,四川,103.1
002144,宏达高科,纺织,浙江,27.22
002145,中核钛白,化工原料,甘肃,0.0
002146,荣盛发展,全国地产,河北,18.16
002147,方圆支承,机械基件,安徽,0.0
002148,北纬通信,互联网,北京,0.0
002149,西部材料,小金属,陕西,0.0
002150,通润装备,机械基件,江苏,31.63
002151,北斗星通,通信设备,北京,0.0
002152,广电运通,电脑设备,广东,41.97
002153,石基信息,软件服务,北京,116.92
002154,报 喜 鸟,服饰,浙江,37.4
002155,湖南黄金,黄金,湖南,327.01
002156,通富微电,半导体,江苏,88.46
002157,正邦科技,饲料,江西,47.91
002158,汉钟精机,工程机械,上海,36.05
002159,三特索道,旅游景点,湖北,0.0
002160,常铝股份,铝,江苏,74.59
002161,远 望 谷,通信设备,深圳,3594.16
002162,悦心健康,医疗保健,上海,0.0
002163,中航三鑫,装修装饰,深圳,0.0
002164,宁波东力,电气设备,浙江,0.0
002165,红 宝 丽,化工原料,江苏,40.9
002166,莱茵生物,中成药,广西,82.01
002167,东方锆业,小金属,广东,0.0
002168,深圳惠程,电气设备,深圳,57.44
002169,智光电气,电气设备,广东,136.93
002170,芭田股份,农药化肥,深圳,64.26
002171,楚江新材,铜,安徽,142.46
002172,澳洋科技,化纤,江苏,83.49
002173,千足珍珠,农业综合,浙江,0.0
002174,游族网络,互联网,福建,54.34
002175,东方网络,电器仪表,广西,529.35
002176,江特电机,电气设备,江西,316.5
002177,御银股份,电脑设备,广东,94.33
002178,延华智能,建筑施工,上海,138.06
002179,中航光电,元器件,河南,40.83
002180,艾派克,电脑设备,广东,67.46
002181,粤 传 媒,出版业,广东,142.89
002182,云海金属,小金属,江苏,137.88
002183,怡 亚 通,仓储物流,深圳,91.96
002184,海得控制,软件服务,上海,118.69
002185,华天科技,半导体,甘肃,40.53
002186,全 聚 德,酒店餐饮,北京,43.15
002187,广百股份,百货,广东,24.31
002188,新 嘉 联,元器件,浙江,0.0
002189,利达光电,元器件,河南,392.49
002190,成飞集成,汽车配件,四川,224.9
002191,劲嘉股份,广告包装,深圳,33.31
002192,*ST融捷,化工原料,广东,0.0
002193,山东如意,纺织,山东,143.47
002194,武汉凡谷,通信设备,湖北,109.51
002195,二三四五,软件服务,上海,81.61
002196,方正电机,纺织机械,浙江,218.2
002197,证通电子,电器仪表,深圳,278.9
002198,嘉应制药,中成药,广东,91.83
002199,东晶电子,元器件,浙江,0.0
002200,云投生态,环境保护,云南,579.13
002201,九鼎新材,玻璃,江苏,225.14
002202,金风科技,电气设备,新疆,17.33
002203,海亮股份,铜,浙江,46.67
002204,大连重工,专用机械,辽宁,240.82
002205,国统股份,其他建材,新疆,0.0
002206,海 利 得,化纤,浙江,30.47
002207,准油股份,石油开采,新疆,0.0
002208,合肥城建,区域地产,安徽,0.0
002209,达 意 隆,轻工机械,广东,0.0
002210,飞马国际,仓储物流,深圳,93.13
002211,宏达新材,橡胶,江苏,0.0
002212,南洋股份,电气设备,广东,117.08
002213,特 尔 佳,汽车配件,深圳,268.73
002214,大立科技,电器仪表,浙江,161.64
002215,诺 普 信,农药化肥,深圳,57.21
002216,三全食品,食品,河南,95.86
002217,合力泰,化工原料,山东,108.23
002218,拓日新能,半导体,深圳,150.07
002219,恒康医疗,中成药,甘肃,111.16
002220,天宝股份,食品,辽宁,32.17
002221,东华能源,石油贸易,江苏,89.91
002222,福晶科技,元器件,福建,126.54
002223,鱼跃医疗,医疗保健,江苏,50.44
002224,三 力 士,橡胶,浙江,53.83
002225,濮耐股份,其他建材,河南,38.77
002226,江南化工,化工原料,安徽,105.41
002227,奥 特 迅,电气设备,深圳,0.0
002228,合兴包装,广告包装,福建,50.69
002229,鸿博股份,广告包装,福建,0.0
002230,科大讯飞,软件服务,安徽,149.8
002231,奥维通信,通信设备,辽宁,0.0
002232,启明信息,软件服务,吉林,0.0
002233,塔牌集团,水泥,广东,40.26
002234,民和股份,农业综合,山东,0.0
002235,安妮股份,造纸,福建,500.31
002236,大华股份,电器仪表,浙江,43.12
002237,恒邦股份,黄金,山东,37.67
002238,天威视讯,影视音像,深圳,40.03
002239,奥特佳,服饰,江苏,121.19
002240,威华股份,家居用品,广东,0.0
002241,歌尔声学,元器件,山东,43.06
002242,九阳股份,家用电器,山东,23.91
002243,通产丽星,塑料,深圳,0.0
002244,滨江集团,区域地产,浙江,23.48
002245,澳洋顺昌,仓储物流,江苏,31.52
002246,北化股份,化工原料,四川,110.75
002247,帝龙新材,装修装饰,浙江,60.13
002248,华东数控,机床制造,山东,0.0
002249,大洋电机,电气设备,广东,73.71
002250,联化科技,化工原料,浙江,26.21
002251,步 步 高,超市连锁,湖南,37.42
002252,上海莱士,生物制药,上海,71.59
002253,川大智胜,软件服务,四川,278.15
002254,泰和新材,化纤,山东,85.1
002255,海陆重工,专用机械,江苏,64.76
002256,彩虹精化,染料涂料,深圳,132.28
002258,利尔化学,农药化肥,四川,33.95
002259,升达林业,家居用品,四川,435.28
002260,德奥通航,航空,广东,0.0
002261,拓维信息,互联网,湖南,89.08
002262,恩华药业,化学制药,江苏,46.69
002263,大 东 南,塑料,浙江,1548.85
002264,新 华 都,超市连锁,福建,0.0
002265,西仪股份,汽车配件,云南,0.0
002266,浙富控股,电气设备,浙江,239.82
002267,陕天然气,供气供热,陕西,23.63
002268,卫 士 通,软件服务,四川,3971.81
002269,美邦服饰,服饰,上海,0.0
002270,法因数控,机床制造,山东,0.0
002271,东方雨虹,其他建材,北京,26.72
002272,川润股份,机械基件,四川,0.0
002273,水晶光电,元器件,浙江,97.97
002274,华昌化工,农药化肥,江苏,316.52
002275,桂林三金,中成药,广西,33.4
002276,万马股份,电气设备,浙江,123.21
002277,友阿股份,百货,湖南,19.52
002278,神开股份,化工机械,上海,141.97
002279,久其软件,软件服务,北京,291.74
002280,联络互动,软件服务,浙江,155.59
002281,光迅科技,通信设备,湖北,53.43
002282,博深工具,轻工机械,河北,180.85
002283,天润曲轴,汽车配件,山东,78.43
002284,亚太股份,汽车配件,浙江,65.47
002285,世联行,房产服务,深圳,71.36
002286,保龄宝,食品,山东,109.88
002287,奇正藏药,中成药,西藏,62.46
002288,超华科技,元器件,广东,267.3
002289,宇顺电子,元器件,深圳,2017.07
002290,禾盛新材,家用电器,江苏,174.57
002291,星期六,服饰,广东,223.25
002292,奥飞动漫,影视音像,广东,108.18
002293,罗莱家纺,服饰,江苏,29.97
002294,信立泰,化学制药,深圳,25.13
002295,精艺股份,铜,广东,462.21
002296,辉煌科技,通信设备,河南,155.83
002297,博云新材,矿物制品,湖南,0.0
002298,中电鑫龙,电气设备,安徽,392.44
002299,圣农发展,农业综合,福建,0.0
002300,太阳电缆,电气设备,福建,25.68
002301,齐心集团,文教休闲,深圳,0.0
002302,西部建设,水泥,新疆,28.22
002303,美盈森,造纸,深圳,78.71
002304,洋河股份,白酒,江苏,16.44
002305,南国置业,区域地产,湖北,0.0
002306,*ST云网,酒店餐饮,北京,0.0
002307,北新路桥,建筑施工,新疆,189.55
002308,威创股份,电脑设备,广东,282.92
002309,中利科技,电气设备,江苏,0.0
002310,东方园林,建筑施工,北京,74.95
002311,海大集团,饲料,广东,21.03
002312,三泰控股,电脑设备,四川,0.0
002313,日海通讯,通信设备,深圳,0.0
002314,南山控股,其他建材,深圳,0.0
002315,焦点科技,互联网,江苏,64.32
002316,键桥通讯,软件服务,深圳,216.45
002317,众生药业,中成药,广东,31.44
002318,久立特材,特种钢,浙江,73.23
002319,乐通股份,染料涂料,广东,1221.85
002320,海峡股份,水运,海南,87.38
002321,华英农业,农业综合,河南,115.39
002322,理工监测,电气设备,浙江,283.47
002323,雅百特,电气设备,江苏,37.82
002324,普利特,塑料,上海,28.81
002325,洪涛股份,装修装饰,深圳,42.99
002326,永太科技,化工原料,浙江,99.49
002327,富安娜,服饰,深圳,28.21
002328,新朋股份,专用机械,上海,56.39
002329,皇氏集团,乳制品,广西,232.85
002330,得利斯,食品,山东,188.6
002331,皖通科技,软件服务,安徽,107.31
002332,仙琚制药,生物制药,浙江,86.09
002333,罗普斯金,铝,江苏,40.24
002334,英威腾,电气设备,深圳,54.38
002335,科华恒盛,电气设备,福建,82.56
002336,人人乐,超市连锁,深圳,0.0
002337,赛象科技,化工机械,天津,0.0
002338,奥普光电,电器仪表,吉林,195.72
002339,积成电子,电气设备,山东,96.95
002340,格林美,小金属,深圳,81.41
002341,新纶科技,化工原料,深圳,746.25
002342,巨力索具,机械基件,河北,141.16
002343,禾欣股份,影视音像,浙江,315.22
002344,海宁皮城,商品城,浙江,22.05
002345,潮宏基,服饰,广东,50.32
002346,柘中股份,水泥,上海,54.61
002347,泰尔重工,机械基件,安徽,300.72
002348,高乐股份,文教休闲,广东,125.45
002349,精华制药,中成药,江苏,138.4
002350,北京科锐,电气设备,北京,516.15
002351,漫步者,电脑设备,深圳,74.96
002352,鼎泰新材,钢加工,安徽,117.94
002353,杰瑞股份,化工机械,山东,139.84
002354,天神娱乐,互联网,辽宁,103.21
002355,兴民钢圈,汽车配件,山东,259.73
002356,浩宁达,电器仪表,深圳,102.85
002357,富临运业,公路,四川,31.77
002358,森源电气,电气设备,河南,47.39
002359,齐星铁塔,钢加工,山东,4209.76
002360,同德化工,化工原料,山西,49.12
002361,神剑股份,化工原料,安徽,65.29
002362,汉王科技,电脑设备,北京,0.0
002363,隆基机械,汽车配件,山东,76.08
002364,中恒电气,电气设备,浙江,100.83
002365,永安药业,化学制药,湖北,149.69
002366,台海核电,专用机械,四川,150.55
002367,康力电梯,运输设备,江苏,27.01
002368,太极股份,软件服务,北京,336.07
002369,卓翼科技,通信设备,深圳,0.0
002370,亚太药业,化学制药,浙江,114.54
002371,七星电子,半导体,北京,129.16
002372,伟星新材,其他建材,浙江,22.14
002373,千方科技,软件服务,北京,79.72
002374,丽鹏股份,广告包装,山东,56.77
002375,亚厦股份,装修装饰,浙江,25.48
002376,新北洋,电脑设备,山东,72.61
002377,国创高新,化工原料,湖北,392.03
002378,章源钨业,小金属,江西,0.0
002379,鲁丰环保,铝,山东,413.21
002380,科远股份,电气设备,江苏,122.58
002381,双箭股份,橡胶,浙江,51.01
002382,蓝帆医疗,医疗保健,山东,36.81
002383,合众思壮,通信设备,北京,643.95
002384,东山精密,通信设备,江苏,250.91
002385,大北农,饲料,北京,61.39
002386,天原集团,化工原料,四川,0.0
002387,黑牛食品,软饮料,广东,0.0
002388,新亚制程,元器件,深圳,594.8
002389,南洋科技,元器件,浙江,141.24
002390,信邦制药,中成药,贵州,93.7
002391,长青股份,农药化肥,江苏,23.76
002392,北京利尔,其他建材,北京,50.29
002393,力生制药,化学制药,天津,55.32
002394,联发股份,纺织,江苏,21.57
002395,双象股份,塑料,江苏,181.69
002396,星网锐捷,通信设备,福建,71.28
002397,梦洁家纺,服饰,湖南,75.97
002398,建研集团,建筑施工,福建,26.35
002399,海普瑞,化学制药,深圳,48.52
002400,省广股份,广告包装,广东,45.03
002401,中海科技,软件服务,上海,88.91
002402,和而泰,元器件,深圳,96.23
002403,爱仕达,家用电器,浙江,41.76
002404,嘉欣丝绸,纺织,浙江,71.12
002405,四维图新,软件服务,北京,241.9
002406,远东传动,汽车配件,河南,58.01
002407,多氟多,化工原料,河南,435.16
002408,齐翔腾达,化工原料,山东,46.02
002409,雅克科技,化工原料,江苏,41.05
002410,广联达,软件服务,北京,130.64
002411,九九久,化工原料,江苏,0.0
002412,汉森制药,中成药,湖南,77.45
002413,雷科防务,通信设备,江苏,227.75
002414,高德红外,电器仪表,湖北,330.43
002415,海康威视,电器仪表,浙江,27.1
002416,爱施德,电器连锁,深圳,115.5
002417,*ST元达,通信设备,福建,280.56
002418,康盛股份,机械基件,浙江,146.5
002419,天虹商场,百货,深圳,32.54
002420,毅昌股份,塑料,广东,170.62
002421,达实智能,软件服务,深圳,93.19
002422,科伦药业,化学制药,四川,34.15
002423,中原特钢,特种钢,河南,0.0
002424,贵州百灵,中成药,贵州,116.8
002425,凯撒股份,服饰,广东,226.05
002426,胜利精密,元器件,江苏,105.81
002427,尤夫股份,化纤,浙江,51.15
002428,云南锗业,小金属,云南,136.14
002429,兆驰股份,家用电器,深圳,35.11
002430,杭氧股份,化工机械,浙江,64.75
002431,棕榈园林,建筑施工,广东,242.33
002432,九安医疗,医疗保健,天津,0.0
002433,太安堂,中成药,广东,45.38
002434,万里扬,汽车配件,浙江,52.85
002435,长江润发,机械基件,江苏,39.56
002436,兴森科技,元器件,深圳,62.77
002437,誉衡药业,化学制药,黑龙江,32.66
002438,江苏神通,机械基件,江苏,194.14
002439,启明星辰,软件服务,北京,414.1
002440,闰土股份,染料涂料,浙江,15.18
002441,众业达,批发业,广东,46.77
002442,龙星化工,化工原料,河北,0.0
002443,金洲管道,钢加工,浙江,84.06
002444,巨星科技,轻工机械,浙江,30.07
002445,中南重工,机械基件,江苏,167.37
002446,盛路通信,通信设备,广东,84.03
002447,壹桥海参,渔业,辽宁,106.82
002448,中原内配,运输设备,河南,32.6
002449,国星光电,半导体,广东,40.04
002450,康得新,化工原料,江苏,39.84
002451,摩恩电气,电气设备,上海,199.9
002452,长高集团,电气设备,湖南,73.4
002453,天马精化,化工原料,江苏,156.96
002454,松芝股份,汽车配件,上海,27.72
002455,百川股份,化工原料,江苏,94.95
002456,欧菲光,元器件,深圳,54.14
002457,青龙管业,塑料,宁夏,131.73
002458,益生股份,农业综合,山东,0.0
002459,天业通联,工程机械,河北,0.0
002460,赣锋锂业,小金属,江西,200.81
002461,珠江啤酒,啤酒,广东,95.58
002462,嘉事堂,医药商业,北京,58.46
002463,沪电股份,元器件,江苏,0.0
002464,金利科技,塑料,江苏,0.0
002465,海格通信,通信设备,广东,116.49
002466,天齐锂业,化工原料,四川,501.19
002467,二六三,电信运营,北京,113.83
002468,艾迪西,其他建材,浙江,689.84
002469,三维工程,建筑施工,山东,41.4
002470,金正大,农药化肥,山东,20.61
002471,中超控股,电气设备,江苏,115.43
002472,双环传动,机械基件,浙江,55.98
002473,圣莱达,家用电器,浙江,0.0
002474,榕基软件,软件服务,福建,442.54
002475,立讯精密,元器件,深圳,49.22
002476,宝莫股份,化工原料,山东,147.39
002477,雏鹰农牧,农业综合,河南,116.9
002478,常宝股份,普钢,江苏,24.48
002479,富春环保,火力发电,浙江,54.77
002480,新筑股份,机械基件,四川,0.0
002481,双塔食品,食品,山东,78.55
002482,广田股份,装修装饰,深圳,53.04
002483,润邦股份,工程机械,江苏,293.26
002484,江海股份,元器件,江苏,58.28
002485,希努尔,服饰,山东,27096.2
002486,嘉麟杰,服饰,上海,0.0
002487,大金重工,钢加工,辽宁,97.8
002488,金固股份,汽车配件,浙江,178.77
002489,浙江永强,家居用品,浙江,46.69
002490,山东墨龙,化工机械,山东,446.5
002491,通鼎互联,通信设备,江苏,201.76
002492,恒基达鑫,仓储物流,广东,127.26
002493,荣盛石化,化纤,浙江,364.44
002494,华斯股份,服饰,河北,732.43
002495,佳隆股份,食品,广东,87.13
002496,辉丰股份,农药化肥,江苏,57.14
002497,雅化集团,化工原料,四川,74.75
002498,汉缆股份,电气设备,山东,77.85
002499,科林环保,专用机械,江苏,126.14
002500,山西证券,证券,山西,22.56
002501,利源精制,铝,吉林,23.34
002502,骅威股份,文教休闲,广东,172.32
002503,搜于特,服饰,广东,73.51
002504,弘高创意,半导体,北京,38.67
002505,大康牧业,农业综合,湖南,1000.3
002506,协鑫集成,半导体,上海,59.5
002507,涪陵榨菜,食品,重庆,30.44
002508,老板电器,家用电器,浙江,29.28
002509,天广消防,专用机械,福建,65.48
002510,天汽模,汽车配件,天津,45.2
002511,中顺洁柔,造纸,广东,57.13
002512,达华智能,元器件,广东,358.13
002513,蓝丰生化,农药化肥,江苏,0.0
002514,宝馨科技,机械基件,江苏,74.27
002515,金字火腿,食品,浙江,265.14
002516,旷达科技,纺织,江苏,34.04
002517,泰亚股份,服饰,福建,14489.86
002518,科士达,电器仪表,深圳,50.51
002519,银河电子,通信设备,江苏,63.94
002520,日发精机,机床制造,浙江,176.95
002521,齐峰新材,造纸,山东,23.25
002522,浙江众成,塑料,浙江,304.06
002523,天桥起重,工程机械,湖南,93.88
002524,光正集团,钢加工,新疆,787.71
002526,山东矿机,工程机械,山东,1327.01
002527,新时达,电器仪表,上海,60.59
002528,英飞拓,电脑设备,深圳,0.0
002529,海源机械,专用机械,福建,0.0
002530,丰东股份,专用机械,江苏,211.73
002531,天顺风能,电气设备,江苏,34.12
002532,新界泵业,农用机械,浙江,31.18
002533,金杯电工,电气设备,湖南,34.41
002534,杭锅股份,专用机械,浙江,0.0
002535,林州重机,工程机械,河南,0.0
002536,西泵股份,汽车配件,河南,112.32
002537,海立美达,机械基件,山东,53.84
002538,司尔特,农药化肥,安徽,33.3
002539,新都化工,农药化肥,四川,72.4
002540,亚太科技,铝,江苏,54.2
002541,鸿路钢构,钢加工,安徽,33.57
002542,中化岩土,建筑施工,北京,78.76
002543,万和电气,家用电器,广东,20.71
002544,杰赛科技,软件服务,广东,445.41
002545,东方铁塔,钢加工,山东,102.3
002546,新联电子,电气设备,江苏,58.36
002547,春兴精工,通信设备,江苏,71.71
002548,金新农,饲料,深圳,46.03
002549,凯美特气,环境保护,湖南,0.0
002550,千红制药,生物制药,江苏,52.38
002551,尚荣医疗,医疗保健,深圳,79.02
002552,宝鼎重工,机械基件,浙江,452.84
002553,南方轴承,机械基件,江苏,56.63
002554,惠博普,石油开采,北京,46.23
002555,顺荣三七,互联网,安徽,91.71
002556,辉隆股份,其他商业,安徽,51.3
002557,洽洽食品,食品,安徽,24.43
002558,世纪游轮,旅游服务,重庆,0.0
002559,亚威股份,机床制造,江苏,68.18
002560,通达股份,电气设备,河南,95.32
002561,徐家汇,百货,上海,25.06
002562,兄弟科技,化工原料,浙江,104.97
002563,森马服饰,服饰,浙江,28.85
002564,天沃科技,化工机械,江苏,123.74
002565,上海绿新,造纸,上海,71.37
002566,益盛药业,中成药,吉林,63.33
002567,唐人神,饲料,湖南,71.35
002568,百润股份,食品,上海,40.01
002569,步森股份,服饰,浙江,0.0
002570,贝因美,乳制品,浙江,0.0
002571,德力股份,玻璃,安徽,0.0
002572,索菲亚,家居用品,广东,46.6
002573,清新环境,环境保护,北京,48.59
002574,明牌珠宝,服饰,浙江,94.57
002575,群兴玩具,文教休闲,广东,325.93
002576,通达动力,电气设备,江苏,1014.12
002577,雷柏科技,电脑设备,深圳,0.0
002578,闽发铝业,铝,福建,156.04
002579,中京电子,元器件,广东,202.27
002580,圣阳股份,电气设备,山东,108.6
002581,未名医药,化学制药,山东,120.81
002582,好想你,食品,河南,68.21
002583,海能达,通信设备,深圳,133.03
002584,西陇科学,化工原料,广东,125.14
002585,双星新材,塑料,江苏,61.21
002586,围海股份,建筑施工,浙江,234.18
002587,奥拓电子,元器件,深圳,257.29
002588,史丹利,农药化肥,山东,28.1
002589,瑞康医药,医药商业,山东,86.5
002590,万安科技,汽车配件,浙江,98.58
002591,恒大高新,机械基件,江西,0.0
002592,八菱科技,运输设备,广西,89.61
002593,日上集团,汽车配件,福建,184.9
002594,比亚迪,汽车整车,深圳,58.31
002595,豪迈科技,专用机械,山东,25.5
002596,海南瑞泽,其他建材,海南,1114.21
002597,金禾实业,化工原料,安徽,27.05
002598,山东章鼓,机械基件,山东,73.92
002599,盛通股份,广告包装,北京,282.72
002600,江粉磁材,元器件,广东,402.37
002601,佰利联,化工原料,河南,90.42
002602,世纪华通,汽车配件,浙江,54.39
002603,以岭药业,中成药,河北,45.36
002604,龙力生物,食品,山东,105.92
002605,姚记扑克,文教休闲,上海,101.24
002606,大连电瓷,电气设备,辽宁,144.41
002607,亚夏汽车,汽车服务,安徽,1020.15
002608,*ST舜船,船舶,江苏,0.0
002609,捷顺科技,软件服务,深圳,119.02
002610,爱康科技,电气设备,江苏,66.75
002611,东方精工,轻工机械,广东,162.08
002612,朗姿股份,服饰,北京,188.23
002613,北玻股份,专用机械,河南,148.45
002614,蒙发利,医疗保健,福建,56.8
002615,哈尔斯,家居用品,浙江,96.77
002616,长青集团,环境保护,广东,81.91
002617,露笑科技,电气设备,浙江,116.54
002618,丹邦科技,元器件,深圳,130.73
002619,巨龙管业,水泥,浙江,69.51
002620,瑞和股份,装修装饰,深圳,67.41
002621,三垒股份,专用机械,辽宁,94.71
002622,永大集团,电气设备,吉林,137.73
002623,亚玛顿,玻璃,江苏,78.13
002624,完美环球,影视音像,浙江,94.59
002625,龙生股份,汽车配件,浙江,479.02
002626,金达威,食品,福建,53.28
002627,宜昌交运,公路,湖北,69.3
002628,成都路桥,建筑施工,四川,137.01
002629,仁智油服,石油贸易,四川,0.0
002630,华西能源,专用机械,四川,40.29
002631,德尔未来,家居用品,江苏,120.39
002632,道明光学,化工原料,浙江,162.5
002633,*ST申科,机械基件,浙江,0.0
002634,棒杰股份,服饰,浙江,123.54
002635,安洁科技,电脑设备,江苏,41.17
002636,金安国纪,元器件,上海,261.69
002637,赞宇科技,日用化工,浙江,159.5
002638,勤上光电,半导体,广东,236.1
002639,雪人股份,专用机械,福建,371.81
002640,跨境通,服饰,山西,123.94
002641,永高股份,塑料,浙江,33.45
002642,荣之联,软件服务,北京,223.67
002643,万润股份,化工原料,山东,65.74
002644,佛慈制药,中成药,甘肃,181.87
002645,华宏科技,专用机械,江苏,0.0
002646,青青稞酒,白酒,青海,30.31
002647,宏磊股份,电气设备,浙江,1519.11
002648,卫星石化,化工原料,浙江,0.0
002649,博彦科技,软件服务,北京,55.32
002650,加加食品,食品,湖南,52.27
002651,利君股份,专用机械,四川,93.82
002652,扬子新材,其他建材,江苏,68.8
002653,海思科,化学制药,西藏,61.55
002654,万润科技,半导体,深圳,226.5
002655,共达电声,元器件,山东,276.15
002656,卡奴迪路,服饰,广东,259.46
002657,中科金财,软件服务,北京,191.92
002658,雪迪龙,电器仪表,北京,67.46
002659,中泰桥梁,建筑施工,江苏,0.0
002660,茂硕电源,电气设备,深圳,739.87
002661,克明面业,食品,湖南,43.74
002662,京威股份,汽车配件,北京,26.81
002663,普邦园林,建筑施工,广东,52.5
002664,信质电机,电气设备,浙江,53.58
002665,首航节能,电气设备,北京,194.78
002666,德联集团,化工原料,广东,59.98
002667,鞍重股份,工程机械,辽宁,358.17
002668,奥马电器,家用电器,广东,59.62
002669,康达新材,化工原料,上海,48.07
002670,华声股份,电气设备,广东,163.84
002671,龙泉股份,其他建材,山东,218.55
002672,东江环保,环境保护,广东,46.11
002673,西部证券,证券,陕西,43.74
002674,兴业科技,纺织,福建,8233.09
002675,东诚药业,化学制药,山东,104.7
002676,顺威股份,塑料,广东,504.38
002677,浙江美大,家用电器,浙江,62.15
002678,珠江钢琴,文教休闲,广东,96.54
002679,福建金森,林业,福建,140.28
002680,黄海机械,工程机械,江苏,851.53
002681,奋达科技,家用电器,深圳,97.24
002682,龙洲股份,公路,福建,93.17
002683,宏大爆破,化工原料,广东,76.71
002684,猛狮科技,电气设备,广东,1873.34
002685,华东重机,工程机械,江苏,376.38
002686,亿利达,专用机械,浙江,66.78
002687,乔治白,服饰,浙江,96.1
002688,金河生物,化学制药,内蒙,47.78
002689,博林特,运输设备,辽宁,135.34
002690,美亚光电,专用机械,安徽,74.31
002691,冀凯股份,专用机械,河北,168.72
002692,远程电缆,电气设备,江苏,38.16
002693,双成药业,化学制药,海南,143.11
002694,顾地科技,塑料,湖北,132.92
002695,煌上煌,食品,江西,56.86
002696,百洋股份,渔业,广西,113.35
002697,红旗连锁,超市连锁,四川,50.99
002698,博实股份,化工机械,黑龙江,101.18
002699,美盛文化,文教休闲,浙江,184.67
002700,新疆浩源,供气供热,新疆,49.65
002701,奥瑞金,广告包装,北京,22.36
002702,海欣食品,食品,福建,0.0
002703,浙江世宝,汽车配件,浙江,159.31
002705,新宝股份,家用电器,广东,31.59
002706,良信电器,电气设备,上海,45.43
002707,众信旅游,旅游服务,北京,96.53
002708,光洋股份,汽车配件,江苏,131.65
002709,天赐材料,化工原料,广东,160.49
002711,欧浦智网,仓储物流,广东,91.05
002712,思美传媒,广告包装,浙江,118.56
002713,东易日盛,装修装饰,北京,0.0
002714,牧原股份,农业综合,河南,60.86
002715,登云股份,汽车配件,广东,0.0
002716,金贵银业,小金属,湖南,40.39
002717,岭南园林,建筑施工,广东,71.82
002718,友邦吊顶,家居用品,浙江,43.41
002719,麦趣尔,乳制品,新疆,75.1
002721,金一文化,服饰,北京,157.98
002722,金轮股份,纺织机械,江苏,74.35
002723,金莱特,家用电器,广东,89.72
002724,海洋王,半导体,深圳,0.0
002725,跃岭股份,汽车配件,浙江,56.37
002726,龙大肉食,食品,山东,57.09
002727,一心堂,医药商业,云南,44.74
002728,台城制药,中成药,广东,65.86
002729,好利来,元器件,福建,166.94
002730,电光科技,电气设备,浙江,87.25
002731,萃华珠宝,服饰,辽宁,65.35
002732,燕塘乳业,乳制品,广东,50.95
002733,雄韬股份,电气设备,深圳,59.52
002734,利民股份,农药化肥,江苏,86.49
002735,王子新材,塑料,深圳,150.85
002736,国信证券,证券,深圳,10.43
002737,葵花药业,中成药,黑龙江,51.66
002738,中矿资源,建筑施工,北京,128.12
002739,万达院线,影视音像,北京,91.32
002740,爱迪尔,服饰,深圳,77.98
002741,光华科技,化工原料,广东,220.37
002742,三圣特材,其他建材,重庆,48.97
002743,富煌钢构,钢加工,安徽,127.35
002745,木林森,半导体,广东,49.89
002746,仙坛股份,农业综合,山东,324.24
002747,埃斯顿,机械基件,江苏,301.49
002748,世龙实业,化工原料,江西,146.59
002749,国光股份,农药化肥,四川,46.7
002750,龙津药业,中成药,云南,135.29
002751,易尚展示,家居用品,深圳,369.95
002752,昇兴股份,广告包装,福建,117.1
002753,永东股份,化工原料,山西,77.88
002755,东方新星,建筑施工,北京,154.92
002756,永兴特钢,特种钢,浙江,43.35
002757,南兴装备,家居用品,广东,98.11
002758,华通医药,医药商业,浙江,134.55
002759,天际股份,家用电器,广东,86.19
002760,凤形股份,机械基件,安徽,176.9
002761,多喜爱,纺织,湖南,242.72
002762,金发拉比,服饰,广东,122.41
002763,汇洁股份,服饰,深圳,44.4
002765,蓝黛传动,汽车配件,重庆,99.09
002766,索菱股份,汽车配件,深圳,89.63
002767,先锋电子,电器仪表,浙江,80.6
002768,国恩股份,塑料,山东,71.87
002769,普路通,仓储物流,深圳,70.42
002770,科迪乳业,乳制品,河南,76.12
002771,真视通,软件服务,北京,162.34
002772,众兴菌业,种植业,甘肃,77.78
002773,康弘药业,中成药,四川,110.55
002775,文科园林,建筑施工,深圳,68.39
002776,柏堡龙,服饰,广东,55.63
002779,中坚科技,农用机械,浙江,33.87
002780,三夫户外,其他商业,北京,75.68
002783,凯龙股份,化工原料,湖北,45.47
300001,特锐德,电气设备,山东,180.12
300002,神州泰岳,软件服务,北京,100.48
300003,乐普医疗,医疗保健,北京,55.29
300004,南风股份,电气设备,广东,154.02
300005,探路者,服饰,北京,56.4
300006,莱美药业,化学制药,重庆,330.67
300007,汉威电子,电器仪表,河南,123.9
300008,上海佳豪,船舶,上海,141.33
300009,安科生物,生物制药,安徽,102.38
300010,立思辰,软件服务,北京,1051.17
300011,鼎汉技术,运输设备,北京,70.38
300012,华测检测,电器仪表,深圳,102.61
300013,新宁物流,仓储物流,江苏,4809.31
300014,亿纬锂能,元器件,广东,100.3
300015,爱尔眼科,医疗保健,湖南,65.73
300016,北陆药业,中成药,北京,126.36
300017,网宿科技,电信运营,上海,60.32
300018,中元华电,电气设备,湖北,185.94
300019,硅宝科技,化工原料,四川,60.05
300020,银江股份,软件服务,浙江,49.25
300021,大禹节水,农业综合,甘肃,198.1
300022,吉峰农机,其他商业,四川,527.8
300023,宝德股份,专用机械,陕西,1704.45
300024,机器人,专用机械,辽宁,165.54
300025,华星创业,通信设备,浙江,102.32
300026,红日药业,中成药,天津,30.19
300027,华谊兄弟,影视音像,浙江,64.27
300028,金亚科技,通信设备,四川,0.0
300029,天龙光电,半导体,江苏,0.0
300030,阳普医疗,医疗保健,广东,155.03
300031,宝通科技,橡胶,江苏,128.57
300032,金龙机电,元器件,浙江,42.37
300033,同花顺,软件服务,浙江,65.17
300034,钢研高纳,小金属,北京,92.21
300035,中科电气,工程机械,湖南,160.41
300036,超图软件,软件服务,北京,585.27
300037,新宙邦,化工原料,深圳,79.25
300038,梅泰诺,通信设备,北京,210.43
300039,上海凯宝,中成药,上海,33.54
300040,九洲电气,电气设备,黑龙江,0.0
300041,回天新材,化工原料,湖北,59.48
300042,朗科科技,电脑设备,深圳,232.54
300043,互动娱乐,文教休闲,广东,56.45
300044,赛为智能,软件服务,深圳,249.36
300045,华力创通,电脑设备,北京,410.87
300046,台基股份,半导体,湖北,131.65
300047,天源迪科,软件服务,深圳,487.27
300048,合康变频,电气设备,北京,179.2
300049,福瑞股份,中成药,内蒙,135.97
300050,世纪鼎利,软件服务,广东,90.02
300051,三五互联,互联网,福建,0.0
300052,中青宝,互联网,深圳,401.84
300053,欧比特,半导体,广东,199.85
300054,鼎龙股份,化工原料,湖北,72.07
300055,万邦达,环境保护,北京,50.52
300056,三维丝,专用机械,福建,97.28
300057,万顺股份,广告包装,广东,131.5
300058,蓝色光标,广告包装,北京,98.97
300059,东方财富,互联网,上海,48.79
300061,康耐特,医疗保健,上海,59.11
300062,中能电气,电气设备,福建,151.83
300063,天龙集团,染料涂料,广东,591.55
300064,豫金刚石,矿物制品,河南,87.6
300065,海兰信,软件服务,北京,383.06
300066,三川股份,电器仪表,江西,60.31
300067,安诺其,染料涂料,上海,49.8
300068,南都电源,电气设备,浙江,57.03
300069,金利华电,电气设备,浙江,314.96
300070,碧水源,环境保护,北京,177.13
300071,华谊嘉信,广告包装,北京,84.94
300072,三聚环保,化工原料,北京,32.38
300073,当升科技,矿物制品,北京,2657.67
300074,华平股份,通信设备,上海,0.0
300075,数字政通,软件服务,北京,199.78
300076,GQY视讯,电脑设备,浙江,534.73
300077,国民技术,半导体,深圳,139.88
300078,思创医惠,元器件,浙江,188.4
300079,数码视讯,通信设备,北京,94.36
300080,易成新能,其他建材,河南,0.0
300081,恒信移动,通信设备,河北,0.0
300082,奥克股份,化工原料,辽宁,0.0
300083,劲胜精密,元器件,广东,0.0
300084,海默科技,石油开采,甘肃,0.0
300085,银之杰,软件服务,深圳,622.86
300086,康芝药业,化学制药,海南,158.52
300087,荃银高科,种植业,安徽,0.0
300088,长信科技,元器件,安徽,70.91
300089,文化长城,陶瓷,广东,369.56
300090,盛运环保,专用机械,安徽,53.37
300091,金通灵,机械基件,江苏,164.57
300092,科新机电,专用机械,四川,0.0
300093,金刚玻璃,玻璃,广东,765.75
300094,国联水产,渔业,广东,2240.02
300095,华伍股份,机械基件,江西,62.18
300096,易联众,软件服务,福建,558.47
300097,智云股份,电器仪表,辽宁,518.59
300098,高新兴,通信设备,广东,242.5
300099,尤洛卡,电器仪表,山东,0.0
300100,双林股份,汽车服务,浙江,40.95
300101,振芯科技,通信设备,四川,197.65
300102,乾照光电,半导体,福建,172.95
300103,达刚路机,工程机械,陕西,118.9
300104,乐视网,互联网,北京,216.98
300105,龙源技术,电器仪表,山东,0.0
300106,西部牧业,农业综合,新疆,117.99
300107,建新股份,化工原料,河北,191.23
300108,双龙股份,化工原料,吉林,43.47
300109,新开源,化工原料,河南,225.6
300110,华仁药业,化学制药,山东,294.18
300111,向日葵,半导体,浙江,181.84
300112,万讯自控,电器仪表,深圳,220.61
300113,顺网科技,互联网,浙江,120.96
300114,中航电测,元器件,陕西,120.98
300115,长盈精密,元器件,深圳,41.05
300116,坚瑞消防,专用机械,陕西,231.73
300117,嘉寓股份,装修装饰,北京,65.61
300118,东方日升,半导体,浙江,35.35
300119,瑞普生物,生物制药,天津,70.66
300120,经纬电材,电气设备,天津,333.23
300121,阳谷华泰,化工原料,山东,80.71
300122,智飞生物,生物制药,重庆,139.48
300123,太阳鸟,船舶,湖南,936.39
300124,汇川技术,电器仪表,深圳,45.46
300125,易世达,电气设备,辽宁,0.0
300126,锐奇股份,轻工机械,上海,408.65
300127,银河磁体,元器件,四川,65.23
300128,锦富新材,元器件,江苏,1694.52
300129,泰胜风能,电气设备,上海,34.9
300130,新国都,电脑设备,深圳,140.72
300131,英唐智控,元器件,深圳,316.09
300132,青松股份,化工原料,福建,5595.95
300133,华策影视,影视音像,浙江,113.52
300134,大富科技,通信设备,深圳,220.05
300135,宝利国际,化工原料,江苏,112.58
300136,信维通信,通信设备,深圳,92.72
300137,先河环保,电器仪表,河北,87.34
300138,晨光生物,食品,河北,52.46
300139,晓程科技,元器件,北京,104.94
300140,启源装备,电气设备,陕西,0.0
300141,和顺电气,电气设备,江苏,226.25
300142,沃森生物,生物制药,云南,0.0
300143,星河生物,种植业,广东,290.11
300144,宋城演艺,旅游景点,浙江,57.7
300145,南方泵业,专用机械,浙江,79.72
300146,汤臣倍健,食品,广东,30.57
300147,香雪制药,生物制药,广东,76.22
300148,天舟文化,出版业,湖南,43.55
300149,量子高科,食品,广东,107.85
300150,世纪瑞尔,软件服务,北京,141.45
300151,昌红科技,机械基件,深圳,271.66
300152,科融环境,专用机械,江苏,269.69
300153,科泰电源,电气设备,上海,198.33
300154,瑞凌股份,元器件,深圳,59.43
300155,安居宝,元器件,广东,234.42
300156,神雾环保,环境保护,北京,128.0
300157,恒泰艾普,石油开采,北京,81.53
300158,振东制药,中成药,山西,78.6
300159,新研股份,农用机械,新疆,90.18
300160,秀强股份,玻璃,江苏,83.28
300161,华中数控,机床制造,湖北,0.0
300162,雷曼股份,元器件,深圳,207.09
300163,先锋新材,其他建材,浙江,294.46
300164,通源石油,石油开采,陕西,0.0
300165,天瑞仪器,电器仪表,江苏,93.45
300166,东方国信,软件服务,北京,178.1
300167,迪威视讯,通信设备,深圳,0.0
300168,万达信息,软件服务,上海,302.94
300169,天晟新材,塑料,江苏,153.51
300170,汉得信息,软件服务,上海,84.2
300171,东富龙,医疗保健,上海,43.1
300172,中电环保,环境保护,江苏,66.21
300173,智慧松德,轻工机械,广东,166.44
300174,元力股份,化工原料,福建,95.55
300175,朗源股份,食品,山东,160.15
300176,鸿特精密,汽车配件,广东,139.07
300177,中海达,通信设备,广东,403.38
300178,腾邦国际,旅游服务,深圳,116.12
300179,四方达,矿物制品,河南,106.22
300180,华峰超纤,化纤,上海,38.58
300181,佐力药业,中成药,浙江,68.61
300182,捷成股份,软件服务,北京,84.1
300183,东软载波,软件服务,山东,43.97
300184,力源信息,元器件,湖北,195.55
300185,通裕重工,工程机械,山东,68.7
300187,永清环保,环境保护,湖南,86.66
300188,美亚柏科,软件服务,福建,392.67
300189,神农基因,种植业,海南,1382.39
300190,维尔利,环境保护,江苏,72.55
300191,潜能恒信,石油开采,北京,0.0
300192,科斯伍德,染料涂料,江苏,116.88
300193,佳士科技,专用机械,深圳,67.09
300194,福安药业,化学制药,重庆,79.57
300195,长荣股份,轻工机械,天津,49.97
300196,长海股份,玻璃,江苏,27.28
300197,铁汉生态,环境保护,深圳,56.85
300198,纳川股份,塑料,福建,319.67
300199,翰宇药业,化学制药,深圳,96.23
300200,高盟新材,化工原料,北京,58.17
300201,海伦哲,专用机械,江苏,709.94
300202,聚龙股份,专用机械,辽宁,134.47
300203,聚光科技,电器仪表,浙江,80.36
300204,舒泰神,生物制药,北京,56.45
300205,天喻信息,元器件,湖北,1105.49
300206,理邦仪器,医疗保健,深圳,280.68
300207,欣旺达,元器件,深圳,60.12
300208,恒顺众昇,电气设备,山东,42.19
300209,天泽信息,软件服务,江苏,830.18
300210,森远股份,专用机械,辽宁,58.02
300211,亿通科技,通信设备,江苏,345.14
300212,易华录,软件服务,北京,208.81
300213,佳讯飞鸿,通信设备,北京,128.74
300214,日科化学,化工原料,山东,34.57
300215,电科院,电气设备,江苏,1355.29
300216,千山药机,医疗保健,湖南,189.95
300217,东方电热,电器仪表,江苏,73.05
300218,安利股份,塑料,安徽,56.21
300219,鸿利光电,元器件,广东,59.57
300220,金运激光,元器件,湖北,679.24
300221,银禧科技,塑料,广东,106.91
300222,科大智能,电气设备,上海,100.43
300223,北京君正,半导体,北京,108.71
300224,正海磁材,元器件,山东,65.77
300225,金力泰,染料涂料,上海,59.65
300226,上海钢联,互联网,上海,0.0
300227,光韵达,元器件,深圳,100.84
300228,富瑞特装,化工机械,江苏,237.37
300229,拓尔思,软件服务,北京,275.43
300230,永利股份,塑料,上海,74.67
300231,银信科技,软件服务,北京,108.56
300232,洲明科技,半导体,深圳,53.4
300233,金城医药,化学制药,山东,44.04
300234,开尔新材,陶瓷,浙江,63.05
300235,方直科技,软件服务,深圳,166.69
300236,上海新阳,化工原料,上海,139.94
300237,美晨科技,橡胶,山东,60.97
300238,冠昊生物,医疗保健,广东,337.97
300239,东宝生物,生物制药,内蒙,535.88
300240,飞力达,仓储物流,江苏,91.92
300241,瑞丰光电,半导体,深圳,87.64
300242,明家科技,元器件,广东,425.5
300243,瑞丰高材,化工原料,山东,86.28
300244,迪安诊断,医疗保健,浙江,108.2
300245,天玑科技,软件服务,上海,185.57
300246,宝莱特,医疗保健,广东,143.71
300247,乐金健康,医疗保健,安徽,397.29
300248,新开普,软件服务,河南,400.56
300249,依米康,专用机械,四川,0.0
300250,初灵信息,通信设备,浙江,266.73
300251,光线传媒,影视音像,北京,180.73
300252,金信诺,电气设备,深圳,108.65
300253,卫宁软件,软件服务,上海,203.19
300254,仟源医药,化学制药,山西,129.31
300255,常山药业,生物制药,河北,71.46
300256,星星科技,元器件,浙江,105.69
300257,开山股份,机械基件,浙江,105.76
300258,精锻科技,汽车配件,江苏,31.75
300259,新天科技,电器仪表,河南,67.77
300260,新莱应材,机械基件,江苏,372.15
300261,雅本化学,农药化肥,江苏,101.02
300262,巴安水务,环境保护,上海,60.28
300263,隆华节能,专用机械,河南,65.07
300264,佳创视讯,通信设备,深圳,0.0
300265,通光线缆,电气设备,江苏,77.58
300266,兴源环境,机械基件,浙江,258.96
300267,尔康制药,化学制药,湖南,49.71
300268,万福生科,农业综合,湖南,0.0
300269,联建光电,半导体,深圳,66.39
300270,中威电子,通信设备,浙江,140.09
300271,华宇软件,软件服务,北京,82.67
300272,开能环保,专用机械,上海,100.52
300273,和佳股份,医疗保健,广东,79.37
300274,阳光电源,电气设备,安徽,47.6
300275,梅安森,软件服务,重庆,0.0
300276,三丰智能,专用机械,湖北,377.7
300277,海联讯,软件服务,深圳,0.0
300278,华昌达,专用机械,湖北,88.29
300279,和晶科技,元器件,江苏,236.29
300280,南通锻压,专用机械,江苏,558.5
300281,金明精机,专用机械,广东,122.68
300282,汇冠股份,电脑设备,北京,80.92
300283,温州宏丰,电气设备,浙江,207.45
300284,苏交科,建筑施工,江苏,44.38
300285,国瓷材料,化工原料,山东,105.85
300286,安科瑞,电器仪表,上海,62.36
300287,飞利信,软件服务,北京,179.36
300288,朗玛信息,软件服务,贵州,217.42
300289,利德曼,生物制药,北京,75.73
300290,荣科科技,软件服务,辽宁,264.21
300291,华录百纳,影视音像,北京,106.03
300292,吴通控股,通信设备,江苏,88.3
300293,蓝英装备,专用机械,辽宁,164.27
300294,博雅生物,生物制药,江西,62.71
300295,三六五网,互联网,江苏,95.78
300296,利亚德,半导体,北京,66.35
300297,蓝盾股份,软件服务,广东,217.3
300298,三诺生物,医疗保健,湖南,53.25
300299,富春通信,通信设备,福建,276.42
300300,汉鼎股份,软件服务,浙江,104.62
300301,长方照明,半导体,深圳,71.18
300302,同有科技,软件服务,北京,435.9
300303,聚飞光电,半导体,深圳,49.89
300304,云意电气,汽车配件,江苏,68.95
300305,裕兴股份,塑料,江苏,46.94
300306,远方光电,电器仪表,浙江,87.1
300307,慈星股份,纺织机械,浙江,76.91
300308,中际装备,工程机械,山东,0.0
300309,吉艾科技,专用机械,北京,197.68
300310,宜通世纪,通信设备,广东,179.92
300311,任子行,软件服务,广东,314.97
300312,邦讯技术,通信设备,北京,1048.86
300313,天山生物,农业综合,新疆,0.0
300314,戴维医疗,医疗保健,浙江,201.42
300315,掌趣科技,互联网,北京,94.74
300316,晶盛机电,专用机械,浙江,129.83
300317,珈伟股份,半导体,深圳,174.96
300318,博晖创新,医疗保健,北京,236.35
300319,麦捷科技,元器件,深圳,123.13
300320,海达股份,橡胶,江苏,54.96
300321,同大股份,塑料,山东,115.56
300322,硕贝德,通信设备,广东,0.0
300323,华灿光电,半导体,湖北,472.01
300324,旋极信息,软件服务,北京,539.84
300325,德威新材,塑料,江苏,79.53
300326,凯利泰,医疗保健,上海,62.1
300327,中颖电子,半导体,上海,121.06
300328,宜安科技,铝,广东,152.09
300329,海伦钢琴,文教休闲,浙江,164.38
300330,华虹计通,软件服务,上海,1929.45
300331,苏大维格,元器件,江苏,760.8
300332,天壕环境,环境保护,北京,67.76
300333,兆日科技,元器件,深圳,313.35
300334,津膜科技,专用机械,天津,253.35
300335,迪森股份,供气供热,广东,92.58
300336,新文化,影视音像,上海,100.15
300337,银邦股份,铝,江苏,0.0
300338,开元仪器,电器仪表,湖南,0.0
300339,润和软件,软件服务,江苏,195.79
300340,科恒股份,元器件,广东,0.0
300341,麦迪电气,电气设备,福建,77.56
300342,天银机电,元器件,江苏,51.59
300343,联创股份,化工原料,山东,274.85
300344,太空板业,其他建材,北京,0.0
300345,红宇新材,钢加工,湖南,128.21
300346,南大光电,半导体,江苏,118.32
300347,泰格医药,医疗保健,浙江,85.99
300348,长亮科技,软件服务,深圳,2780.8
300349,金卡股份,电器仪表,浙江,77.85
300350,华鹏飞,仓储物流,深圳,262.3
300351,永贵电器,元器件,浙江,96.95
300352,北信源,软件服务,北京,602.42
300353,东土科技,通信设备,北京,406.9
300354,东华测试,电器仪表,江苏,2833.52
300355,蒙草抗旱,环境保护,内蒙,41.86
300356,光一科技,电气设备,江苏,198.73
300357,我武生物,生物制药,浙江,57.23
300358,楚天科技,专用机械,湖南,101.35
300359,全通教育,文教休闲,广东,499.82
300360,炬华科技,电器仪表,浙江,32.94
300362,天保重装,电气设备,四川,153.06
300363,博腾股份,化学制药,重庆,91.49
300364,中文在线,出版业,北京,1461.93
300365,恒华科技,软件服务,北京,203.4
300366,创意信息,软件服务,四川,300.92
300367,东方网力,电脑设备,北京,272.11
300368,汇金股份,专用机械,河北,1034.75
300369,绿盟科技,软件服务,北京,0.0
300370,安控科技,电器仪表,北京,534.04
300371,汇中股份,电器仪表,河北,70.38
300372,欣泰电气,电气设备,辽宁,124.22
300373,扬杰科技,半导体,江苏,65.09
300374,恒通科技,其他建材,北京,158.28
300375,鹏翎股份,汽车配件,天津,36.04
300376,易事特,电气设备,广东,43.11
300377,赢时胜,软件服务,深圳,765.31
300378,鼎捷软件,软件服务,上海,325.8
300379,东方通,软件服务,北京,632.15
300380,安硕信息,软件服务,上海,846.24
300381,溢多利,饲料,广东,81.16
300382,斯莱克,专用机械,江苏,57.59
300383,光环新网,电信运营,北京,372.54
300384,三联虹普,纺织机械,北京,88.96
300385,雪浪环境,专用机械,江苏,104.93
300386,飞天诚信,软件服务,北京,100.82
300387,富邦股份,化工原料,湖北,55.52
300388,国祯环保,环境保护,安徽,162.36
300389,艾比森,半导体,深圳,54.25
300390,天华超净,电脑设备,江苏,130.78
300391,康跃科技,机械基件,山东,845.38
300392,腾信股份,互联网,北京,129.46
300393,中来股份,塑料,江苏,73.43
300394,天孚通信,通信设备,江苏,74.2
300395,菲利华,玻璃,湖北,62.41
300396,迪瑞医疗,医疗保健,吉林,70.9
300397,天和防务,通信设备,陕西,0.0
300398,飞凯材料,染料涂料,上海,66.56
300399,京天利,互联网,北京,311.52
300400,劲拓股份,专用机械,深圳,119.45
300401,花园生物,食品,浙江,340.71
300402,宝色股份,专用机械,江苏,0.0
300403,地尔汉宇,电气设备,广东,48.67
300404,博济医药,医疗保健,广东,248.46
300405,科隆精化,化工原料,辽宁,0.0
300406,九强生物,化学制药,北京,46.7
300407,凯发电气,电气设备,天津,69.84
300408,三环集团,元器件,广东,33.9
300409,道氏技术,陶瓷,广东,72.62
300410,正业科技,电器仪表,广东,260.77
300411,金盾股份,专用机械,浙江,121.25
300412,迦南科技,医疗保健,浙江,105.97
300413,快乐购,百货,湖南,220.66
300414,中光防雷,元器件,四川,107.54
300415,伊之密,专用机械,广东,74.52
300416,苏试试验,电器仪表,江苏,150.55
300417,南华仪器,电器仪表,广东,128.4
300418,昆仑万维,互联网,北京,151.47
300419,浩丰科技,软件服务,北京,196.48
300420,五洋科技,机械基件,江苏,216.13
300421,力星股份,机械基件,江苏,76.3
300422,博世科,环境保护,广西,165.77
300423,鲁亿通,电气设备,山东,142.25
300424,航新科技,航空,广东,164.33
300425,环能科技,专用机械,四川,134.87
300426,唐德影视,影视音像,浙江,146.86
300427,红相电力,电气设备,福建,375.78
300428,四通新材,铝,河北,69.75
300429,强力新材,化工原料,江苏,129.96
300430,诚益通,电器仪表,北京,119.08
300431,暴风科技,互联网,北京,827.85
300432,富临精工,汽车配件,四川,53.13
300433,蓝思科技,元器件,湖南,37.3
300434,金石东方,专用机械,四川,177.51
300435,中泰股份,机械基件,浙江,73.06
300436,广生堂,化学制药,福建,108.43
300437,清水源,化工原料,河南,161.79
300438,鹏辉能源,电气设备,广东,136.95
300439,美康生物,化学制药,浙江,91.12
300440,运达科技,软件服务,四川,108.15
300441,鲍斯股份,机床制造,浙江,244.24
300442,普丽盛,轻工机械,上海,189.92
300443,金雷风电,专用机械,山东,87.09
300444,双杰电气,电气设备,北京,204.0
300445,康斯特,电器仪表,北京,157.08
300446,乐凯新材,化工原料,河北,69.83
300447,全信股份,电气设备,江苏,120.77
300448,浩云科技,软件服务,广东,638.54
300449,汉邦高科,电脑设备,北京,353.18
300450,先导智能,专用机械,江苏,130.5
300451,创业软件,软件服务,浙江,532.76
300452,山河药辅,化学制药,安徽,119.95
300453,三鑫医疗,医疗保健,江西,125.56
300455,康拓红外,运输设备,北京,150.3
300456,耐威科技,元器件,北京,314.79
300457,赢合科技,专用机械,深圳,115.84
300458,全志科技,元器件,广东,114.09
300459,浙江金科,化工原料,浙江,100.67
300460,惠伦晶体,元器件,广东,121.79
300461,田中精机,专用机械,浙江,166.16
300462,华铭智能,专用机械,上海,136.49
300463,迈克生物,化学制药,四川,76.25
300464,星徽精密,机械基件,广东,145.63
300465,高伟达,软件服务,北京,380.08
300466,赛摩电气,电器仪表,江苏,250.8
300467,迅游科技,互联网,四川,265.77
300468,四方精创,软件服务,深圳,181.02
300469,信息发展,软件服务,上海,0.0
300470,日机密封,机械基件,四川,93.92
300471,厚普股份,专用机械,四川,67.83
300472,新元科技,专用机械,北京,203.66
300473,德尔股份,汽车配件,辽宁,52.47
300475,聚隆科技,专用机械,安徽,60.7
300476,胜宏科技,元器件,广东,63.3
300477,合纵科技,电气设备,北京,82.86
300478,杭州高新,橡胶,浙江,113.22
300479,神思电子,软件服务,山东,197.69
300480,光力科技,电器仪表,河南,200.25
300481,濮阳惠成,化工原料,河南,75.47
300482,万孚生物,生物制药,广东,94.01
300483,沃施股份,专用机械,上海,234.23
300485,赛升药业,生物制药,北京,88.83
300486,东杰智能,专用机械,山西,234.01
300487,蓝晓科技,化工原料,陕西,104.09
300488,恒锋工具,机械基件,浙江,84.51
300489,中飞股份,铝,黑龙江,187.2
300493,润欣科技,通信设备,上海,33.91
300496,中科创达,软件服务,北京,27.31
300497,富祥股份,化学制药,江西,0.0
300498,温氏股份,农业综合,广东,26.56
000033,*ST新都,酒店餐饮,深圳,0.0
002781,奇信股份,装修装饰,深圳,0.0
002782,可立克,电气设备,深圳,0.0
002785,万里石,其他建材,福建,0.0
002786,银宝山新,专用机械,深圳,0.0
300492,山鼎设计,建筑施工,四川,0.0
300495,美尚生态,建筑施工,江苏,0.0
600000,浦发银行,银行,上海,7.0
600004,白云机场,机场,广东,12.86
600005,武钢股份,普钢,湖北,0.0
600006,东风汽车,汽车整车,湖北,38.05
600007,中国国贸,园区开发,北京,27.61
600008,首创股份,环境保护,北京,74.92
600009,上海机场,机场,上海,22.47
600010,包钢股份,普钢,内蒙,0.0
600011,华能国际,火力发电,北京,7.46
600012,皖通高速,路桥,安徽,21.71
600015,华夏银行,银行,北京,6.39
600016,民生银行,银行,北京,6.21
600017,日照港,港口,山东,42.96
600018,上港集团,港口,上海,25.62
600019,宝钢股份,普钢,上海,29.7
600020,中原高速,路桥,河南,9.78
600021,上海电力,火力发电,上海,26.08
600022,山东钢铁,普钢,山东,0.0
600023,浙能电力,火力发电,浙江,13.49
600026,中海发展,水运,上海,48.52
600027,华电国际,火力发电,山东,8.17
600028,中国石化,石油加工,北京,16.97
600029,南方航空,空运,广东,12.21
600030,中信证券,证券,深圳,10.15
600031,三一重工,工程机械,湖南,951.86
600033,福建高速,路桥,福建,17.02
600035,楚天高速,路桥,湖北,13.31
600036,招商银行,银行,深圳,6.6
600037,歌华有线,影视音像,北京,45.14
600038,中直股份,航空,黑龙江,80.93
600039,四川路桥,建筑施工,四川,24.37
600048,保利地产,全国地产,广东,12.9
600050,中国联通,电信运营,上海,35.69
600051,宁波联合,综合类,浙江,23.58
600052,浙江广厦,区域地产,浙江,0.0
600053,中江地产,区域地产,江西,758.82
600054,黄山旅游,旅游景点,安徽,28.67
600055,华润万东,医疗保健,北京,234.57
600056,中国医药,医药商业,北京,22.43
600057,象屿股份,仓储物流,福建,57.84
600058,五矿发展,商贸代理,北京,0.0
600059,古越龙山,红黄药酒,浙江,73.11
600060,海信电器,家用电器,山东,18.14
600061,国投安信,证券,上海,20.17
600062,华润双鹤,化学制药,北京,28.19
600063,皖维高新,化纤,安徽,99.3
600064,南京高科,园区开发,江苏,14.91
600066,宇通客车,汽车整车,河南,18.36
600067,冠城大通,全国地产,福建,37.84
600068,葛洲坝,建筑施工,湖北,14.7
600069,*ST银鸽,造纸,河南,0.0
600070,浙江富润,纺织,浙江,5251.9
600071,*ST光学,文教休闲,江西,0.0
600072,钢构工程,船舶,上海,0.0
600073,上海梅林,食品,上海,80.48
600074,保千里,电脑设备,江苏,129.68
600075,新疆天业,化工原料,新疆,158.7
600076,青鸟华光,通信设备,山东,0.0
600077,宋都股份,全国地产,浙江,688.53
600078,澄星股份,化工原料,江苏,161.38
600079,人福医药,化学制药,湖北,42.52
600080,金花股份,中成药,陕西,134.99
600081,东风科技,汽车配件,上海,29.9
600082,海泰发展,园区开发,天津,0.0
600083,博信股份,建筑施工,广东,384.73
600084,中葡股份,红黄药酒,新疆,0.0
600085,同仁堂,中成药,北京,53.58
600086,东方金钰,服饰,湖北,41.88
600088,中视传媒,影视音像,上海,181.58
600089,特变电工,电气设备,新疆,16.96
600090,啤酒花,啤酒,新疆,89.68
600091,*ST明科,化工原料,内蒙,0.0
600093,禾嘉股份,汽车配件,四川,112.22
600094,大名城,区域地产,上海,60.26
600095,哈高科,区域地产,黑龙江,0.0
600096,云天化,农药化肥,云南,255.85
600097,开创国际,渔业,上海,164.43
600098,广州发展,火力发电,广东,25.48
600099,林海股份,摩托车,江苏,923.2
600100,同方股份,电脑设备,北京,65.77
600101,明星电力,水力发电,四川,32.31
600103,青山纸业,造纸,福建,0.0
600104,上汽集团,汽车整车,上海,7.94
600105,永鼎股份,通信设备,江苏,61.32
600106,重庆路桥,路桥,重庆,41.22
600107,美尔雅,服饰,湖北,1584.53
600108,亚盛集团,农业综合,甘肃,98.49
600109,国金证券,证券,四川,20.58
600110,中科英华,电气设备,吉林,0.0
600111,北方稀土,小金属,内蒙,124.35
600112,天成控股,电气设备,贵州,1497.18
600113,浙江东日,区域地产,浙江,345.46
600114,东睦股份,机械基件,浙江,42.13
600115,东方航空,空运,上海,13.36
600116,三峡水利,水力发电,重庆,21.97
600117,西宁特钢,特种钢,青海,0.0
600118,中国卫星,航空,北京,154.99
600119,长江投资,仓储物流,上海,54.47
600120,浙江东方,商贸代理,浙江,16.83
600121,郑州煤电,煤炭开采,河南,0.0
600122,宏图高科,其他商业,江苏,40.31
600123,兰花科创,煤炭开采,山西,63.74
600125,铁龙物流,铁路,辽宁,36.49
600126,杭钢股份,普钢,浙江,0.0
600127,金健米业,农业综合,湖南,0.0
600128,弘业股份,商贸代理,江苏,82.84
600129,太极集团,中成药,重庆,31.33
600130,波导股份,通信设备,浙江,213.16
600131,岷江水电,水力发电,四川,31.86
600132,重庆啤酒,啤酒,重庆,31.45
600133,东湖高新,园区开发,湖北,138.01
600135,乐凯胶片,化工原料,河北,146.21
600136,道博股份,影视音像,湖北,235.1
600137,浪莎股份,服饰,四川,2162.57
600138,中青旅,旅游服务,北京,40.71
600139,西部资源,铜,四川,2373.39
600141,兴发集团,化工原料,湖北,54.89
600143,金发科技,塑料,广东,27.83
600145,*ST新亿,陶瓷,新疆,0.0
600146,商赢环球,塑料,宁夏,0.0
600148,长春一东,汽车配件,吉林,742.66
600149,廊坊发展,综合类,河北,0.0
600150,中国船舶,船舶,上海,209.2
600151,航天机电,半导体,上海,474.04
600152,维科精华,纺织,浙江,121.28
600153,建发股份,商贸代理,福建,22.87
600155,宝硕股份,化工原料,河北,18.7
600156,华升股份,纺织,湖南,0.0
600157,永泰能源,煤炭开采,山西,71.79
600158,中体产业,文教休闲,天津,294.87
600159,大龙地产,区域地产,北京,184.71
600160,巨化股份,化工原料,浙江,189.18
600161,天坛生物,生物制药,北京,277.27
600162,香江控股,全国地产,深圳,36.52
600163,*ST闽能,新型电力,福建,0.0
600165,新日恒力,钢加工,宁夏,0.0
600166,福田汽车,汽车整车,北京,93.91
600167,联美控股,供气供热,辽宁,23.13
600168,武汉控股,水务,湖北,20.25
600169,太原重工,工程机械,山西,941.23
600170,上海建工,建筑施工,上海,22.36
600171,上海贝岭,半导体,上海,297.33
600172,黄河旋风,矿物制品,河南,77.89
600173,卧龙地产,全国地产,浙江,92.86
600175,美都能源,全国地产,浙江,477.6
600176,中国巨石,玻璃,浙江,18.8
600177,雅戈尔,服饰,浙江,7.86
600178,东安动力,汽车整车,黑龙江,93.02
600179,黑化股份,焦炭加工,黑龙江,0.0
600180,瑞茂通,仓储物流,山东,84.7
600182,S佳通,汽车配件,黑龙江,27.33
600183,生益科技,元器件,广东,29.78
600184,光电股份,玻璃,湖北,627.86
600185,格力地产,区域地产,广东,10.56
600186,莲花味精,食品,河南,0.0
600187,国中水务,水务,黑龙江,0.0
600188,兖州煤业,煤炭开采,山东,24.74
600189,吉林森工,林业,吉林,0.0
600190,锦州港,港口,辽宁,67.04
600191,华资实业,食品,内蒙,51.08
600192,长城电工,电气设备,甘肃,81.45
600193,创兴资源,普钢,上海,411.28
600195,中牧股份,饲料,北京,24.09
600196,复星医药,化学制药,上海,23.14
600197,伊力特,白酒,新疆,20.03
600198,大唐电信,通信设备,北京,0.0
600199,金种子酒,白酒,安徽,96.74
600200,江苏吴中,综合类,江苏,686.58
600201,金宇集团,生物制药,内蒙,35.45
600202,哈空调,电气设备,黑龙江,0.0
600203,福日电子,元器件,福建,486.52
600206,有研新材,半导体,北京,719.04
600207,安彩高科,元器件,河南,116.87
600208,新湖中宝,全国地产,浙江,55.15
600209,罗顿发展,综合类,海南,0.0
600210,紫江企业,广告包装,上海,57.49
600211,西藏药业,中成药,西藏,64.96
600212,江泉实业,综合类,山东,0.0
600213,亚星客车,汽车整车,江苏,0.0
600215,长春经开,园区开发,吉林,0.0
600216,浙江医药,化学制药,浙江,38.09
600217,*ST秦岭,水泥,陕西,77.76
600218,全柴动力,农用机械,安徽,49.66
600219,南山铝业,铝,山东,25.84
600220,江苏阳光,纺织,江苏,107.03
600221,海南航空,空运,海南,13.98
600222,太龙药业,中成药,河南,1639.69
600223,鲁商置业,区域地产,山东,69.18
600225,天津松江,区域地产,天津,0.0
600226,升华拜克,农药化肥,浙江,59.84
600227,赤天化,农药化肥,贵州,0.0
600228,昌九生化,化工原料,江西,0.0
600229,城市传媒,出版业,山东,73.01
600230,沧州大化,农药化肥,河北,0.0
600231,凌钢股份,普钢,辽宁,0.0
600232,金鹰股份,纺织,浙江,126.22
600233,大杨创世,服饰,辽宁,71.13
600234,山水文化,文教休闲,山西,0.0
600235,民丰特纸,造纸,浙江,0.0
600236,桂冠电力,水力发电,广西,15.71
600237,铜峰电子,元器件,安徽,0.0
600238,海南椰岛,红黄药酒,海南,0.0
600239,云南城投,区域地产,云南,0.0
600240,华业资本,全国地产,北京,22.22
600241,时代万恒,商贸代理,辽宁,0.0
600242,*ST中昌,水运,广东,0.0
600243,青海华鼎,机床制造,青海,0.0
600246,万通地产,区域地产,北京,148.47
600247,*ST成城,商贸代理,吉林,0.0
600248,延长化建,建筑施工,陕西,36.37
600249,两面针,日用化工,广西,0.0
600250,南纺股份,商贸代理,江苏,0.0
600251,冠农股份,农业综合,新疆,46.96
600252,中恒集团,中成药,广西,34.97
600255,鑫科材料,铜,安徽,0.0
600256,广汇能源,综合类,新疆,74.51
600257,大湖股份,渔业,湖南,882.48
600258,首旅酒店,酒店餐饮,北京,47.94
600259,广晟有色,小金属,海南,0.0
600260,凯乐科技,白酒,湖北,60.78
600261,阳光照明,家用电器,浙江,30.74
600262,北方股份,汽车整车,内蒙,0.0
600265,ST景谷,林业,云南,0.0
600266,北京城建,区域地产,北京,21.59
600267,海正药业,化学制药,浙江,2570.49
600268,国电南自,电气设备,江苏,0.0
600269,赣粤高速,路桥,江西,19.23
600270,外运发展,仓储物流,北京,25.28
600271,航天信息,电脑设备,北京,31.45
600272,开开实业,服饰,上海,169.13
600273,嘉化能源,化工原料,浙江,23.76
600275,武昌鱼,农业综合,湖北,0.0
600276,恒瑞医药,化学制药,江苏,46.34
600277,亿利能源,化工原料,内蒙,135.05
600278,东方创业,商贸代理,上海,62.01
600279,重庆港九,港口,重庆,72.54
600280,中央商场,百货,江苏,52.18
600281,太化股份,化工原料,山西,0.0
600282,南钢股份,普钢,江苏,0.0
600283,钱江水利,水务,浙江,133.67
600284,浦东建设,建筑施工,上海,29.41
600285,羚锐制药,中成药,河南,43.62
600287,江苏舜天,商贸代理,江苏,77.22
600288,大恒科技,软件服务,北京,601.74
600289,亿阳信通,软件服务,黑龙江,413.54
600290,华仪电气,电气设备,浙江,40.71
600291,西水股份,保险,内蒙,20.98
600292,中电远达,环境保护,重庆,40.0
600293,三峡新材,玻璃,湖北,1601.85
600295,鄂尔多斯,服饰,内蒙,37.64
600297,广汇汽车,汽车服务,辽宁,38.58
600298,安琪酵母,食品,湖北,35.91
600299,蓝星新材,化工原料,北京,27.47
600300,维维股份,软饮料,江苏,252.79
600301,*ST南化,化工原料,广西,0.0
600302,标准股份,纺织机械,陕西,0.0
600303,曙光股份,汽车整车,辽宁,0.0
600305,恒顺醋业,食品,江苏,23.9
600306,商业城,百货,辽宁,0.0
600307,酒钢宏兴,普钢,甘肃,0.0
600308,华泰股份,造纸,山东,68.09
600309,万华化学,化工原料,山东,19.59
600310,桂东电力,水力发电,广西,14.42
600311,ST荣华,黄金,甘肃,0.0
600312,平高电气,电气设备,河南,30.44
600313,农发种业,种植业,北京,353.26
600315,上海家化,日用化工,上海,25.02
600316,洪都航空,航空,江西,1092.4
600317,营口港,港口,辽宁,50.2
600318,巢东股份,水泥,安徽,1032.09
600319,亚星化学,化工原料,山东,0.0
600320,振华重工,工程机械,上海,118.29
600321,国栋建设,其他建材,四川,133.02
600322,天房发展,区域地产,天津,108.24
600323,瀚蓝环境,水务,广东,27.04
600325,华发股份,区域地产,广东,43.6
600326,西藏天路,建筑施工,西藏,35.75
600327,大东方,百货,江苏,28.03
600328,兰太实业,化工原料,内蒙,0.0
600329,中新药业,中成药,天津,36.59
600330,天通股份,元器件,浙江,149.13
600331,宏达股份,铅锌,四川,0.0
600332,白云山,中成药,广东,29.05
600333,长春燃气,供气供热,吉林,453.18
600335,国机汽车,汽车配件,天津,16.28
600336,澳柯玛,家用电器,山东,59.83
600337,美克家居,家居用品,新疆,36.15
600338,西藏珠峰,铅锌,西藏,45.38
600339,天利高新,石油加工,新疆,0.0
600340,华夏幸福,区域地产,河北,14.34
600343,航天动力,航空,陕西,673.22
600345,长江通信,通信设备,湖北,132.35
600346,大橡塑,化工机械,辽宁,0.0
600348,阳泉煤业,煤炭开采,山西,43.27
600350,山东高速,路桥,山东,13.47
600351,亚宝药业,中成药,山西,36.43
600352,浙江龙盛,染料涂料,浙江,12.67
600353,旭光股份,元器件,四川,99.45
600354,敦煌种业,种植业,甘肃,0.0
600355,精伦电子,元器件,湖北,0.0
600356,恒丰纸业,造纸,黑龙江,49.69
600358,国旅联合,旅游服务,江苏,240.41
600359,新农开发,农业综合,新疆,124.35
600360,华微电子,半导体,吉林,218.1
600361,华联综超,超市连锁,北京,54.21
600362,江西铜业,铜,江西,32.56
600363,联创光电,元器件,江西,50.92
600365,通葡股份,红黄药酒,吉林,2233.31
600366,宁波韵升,电器仪表,浙江,27.31
600367,红星发展,化工原料,贵州,0.0
600368,五洲交通,路桥,广西,43.63
600369,西南证券,证券,重庆,12.84
600370,三房巷,纺织,江苏,147.75
600371,万向德农,种植业,黑龙江,415.71
600372,中航电子,航空,北京,145.65
600373,中文传媒,出版业,江西,31.14
600375,华菱星马,汽车整车,安徽,0.0
600376,首开股份,区域地产,北京,13.15
600377,宁沪高速,路桥,江苏,13.17
600378,天科股份,化工原料,四川,141.88
600379,宝光股份,电气设备,陕西,155.1
600380,健康元,化学制药,深圳,36.84
600381,青海春天,医疗保健,青海,57.25
600382,广东明珠,商贸代理,广东,30.63
600383,金地集团,全国地产,深圳,52.93
600385,山东金泰,黄金,山东,0.0
600386,北巴传媒,公共交通,北京,32.68
600387,海越股份,石油贸易,浙江,0.0
600388,龙净环保,专用机械,福建,35.32
600389,江山股份,农药化肥,江苏,312.84
600390,金瑞科技,小金属,湖南,0.0
600391,成发科技,航空,四川,373.53
600392,盛和资源,小金属,山西,393.77
600393,东华实业,全国地产,广东,95.2
600395,盘江股份,煤炭开采,贵州,638.93
600396,金山股份,火力发电,辽宁,43.25
600397,安源煤业,煤炭开采,江西,204.26
600398,海澜之家,服饰,江苏,20.74
600399,抚顺特钢,特种钢,辽宁,47.85
600400,红豆股份,服饰,江苏,245.18
600401,*ST海润,半导体,江苏,201.93
600403,大有能源,煤炭开采,河南,0.0
600405,动力源,电气设备,北京,1462.75
600406,国电南瑞,软件服务,江苏,89.49
600408,*ST安泰,焦炭加工,山西,0.0
600409,三友化工,化工原料,河北,31.05
600410,华胜天成,软件服务,北京,254.53
600415,小商品城,商品城,浙江,96.97
600416,湘电股份,电气设备,湖南,918.16
600418,江淮汽车,汽车整车,安徽,24.12
600419,天润乳业,乳制品,新疆,72.94
600420,现代制药,化学制药,上海,56.98
600421,仰帆控股,机械基件,湖北,32411.8
600422,昆药集团,中成药,云南,32.39
600423,柳化股份,农药化肥,广西,0.0
600425,青松建化,水泥,新疆,0.0
600426,华鲁恒升,农药化肥,山东,12.71
600428,中远航运,水运,广东,49.35
600429,三元股份,乳制品,北京,210.92
600432,吉恩镍业,小金属,吉林,0.0
600433,冠豪高新,造纸,广东,361.16
600435,北方导航,专用机械,北京,4849.67
600436,片仔癀,中成药,福建,46.64
600438,通威股份,饲料,四川,23.21
600439,瑞贝卡,服饰,河南,39.81
600444,*ST国通,塑料,安徽,166.19
600446,金证股份,软件服务,深圳,209.05
600448,华纺股份,纺织,山东,184.2
600449,宁夏建材,水泥,宁夏,190.76
600452,涪陵电力,火力发电,重庆,23.0
600455,博通股份,软件服务,陕西,504.49
600456,宝钛股份,小金属,陕西,0.0
600458,时代新材,塑料,湖南,37.68
600459,贵研铂业,小金属,云南,74.68
600460,士兰微,半导体,浙江,90.75
600461,洪城水业,水务,江西,22.23
600462,石岘纸业,造纸,吉林,0.0
600463,空港股份,园区开发,北京,143.63
600466,蓝光发展,区域地产,四川,0.0
600467,好当家,渔业,山东,124.2
600468,百利电气,电气设备,天津,160.58
600469,风神股份,汽车配件,河南,21.54
600470,六国化工,农药化肥,安徽,27.1
600475,华光股份,专用机械,江苏,43.45
600476,湘邮科技,软件服务,湖南,0.0
600477,杭萧钢构,钢加工,浙江,49.11
600478,科力远,元器件,湖南,5662.4
600479,千金药业,中成药,湖南,94.17
600480,凌云股份,汽车配件,河北,46.03
600481,双良节能,化工原料,江苏,53.15
600482,风帆股份,电气设备,河北,122.3
600483,福能股份,火力发电,福建,22.26
600485,信威集团,通信设备,北京,48.27
600486,扬农化工,农药化肥,江苏,19.25
600487,亨通光电,通信设备,江苏,30.52
600488,天药股份,化学制药,天津,72.25
600489,中金黄金,黄金,北京,258.72
600490,鹏欣资源,化工原料,上海,197.52
600491,龙元建设,建筑施工,浙江,41.51
600493,凤竹纺织,纺织,福建,579.83
600495,晋西车轴,运输设备,山西,182.35
600496,精工钢构,钢加工,安徽,26.25
600497,驰宏锌锗,铅锌,云南,193.14
600498,烽火通信,通信设备,湖北,47.56
600499,科达洁能,专用机械,广东,18.9
600500,中化国际,商贸代理,上海,40.6
600501,航天晨光,汽车配件,江苏,351.61
600502,安徽水利,建筑施工,安徽,28.64
600503,华丽家族,区域地产,上海,932.87
600505,西昌电力,水力发电,四川,56.55
600506,香梨股份,种植业,新疆,0.0
600507,方大特钢,特种钢,江西,38.04
600508,上海能源,煤炭开采,上海,329.92
600509,天富能源,火力发电,新疆,21.22
600510,黑牡丹,全国地产,江苏,40.69
600511,国药股份,医药商业,北京,30.72
600512,腾达建设,建筑施工,浙江,214.85
600513,联环药业,化学制药,江苏,72.36
600515,海岛建设,百货,海南,129.42
600516,方大炭素,矿物制品,甘肃,1085.0
600517,置信电气,电气设备,上海,130.27
600518,康美药业,中成药,广东,27.42
600519,贵州茅台,白酒,贵州,17.43
600520,中发科技,机械基件,安徽,0.0
600521,华海药业,化学制药,浙江,41.82
600522,中天科技,通信设备,江苏,32.67
600523,贵航股份,汽车配件,贵州,46.42
600525,长园集团,电气设备,深圳,46.02
600526,菲达环保,专用机械,浙江,110.76
600527,江南高纤,化纤,江苏,453.87
600528,中铁二局,建筑施工,四川,82.99
600529,山东药玻,玻璃,山东,29.99
600530,交大昂立,生物制药,上海,63.63
600531,豫光金铅,铅锌,河南,0.0
600532,宏达矿业,普钢,山东,960.13
600533,栖霞建设,区域地产,江苏,26.99
600535,天士力,中成药,天津,25.34
600536,中国软件,软件服务,北京,0.0
600537,亿晶光电,半导体,浙江,45.65
600538,国发股份,农药化肥,广西,0.0
600539,*ST狮头,水泥,山西,113.72
600540,新赛股份,种植业,新疆,0.0
600543,莫高股份,红黄药酒,甘肃,117.19
600545,新疆城建,建筑施工,新疆,0.0
600546,山煤国际,煤炭开采,山西,0.0
600547,山东黄金,黄金,山东,80.43
600548,深高速,路桥,深圳,17.12
600549,厦门钨业,小金属,福建,0.0
600550,保变电气,电气设备,河北,45.11
600551,时代出版,出版业,安徽,31.09
600552,方兴科技,玻璃,安徽,98.31
600555,九龙山,旅游景点,上海,630.57
600556,慧球科技,软件服务,广西,7347.98
600557,康缘药业,中成药,江苏,31.1
600558,大西洋,钢加工,四川,87.86
600559,老白干酒,白酒,河北,99.52
600560,金自天正,电气设备,北京,153.7
600561,江西长运,公路,江西,50.81
600562,国睿科技,通信设备,江苏,105.09
600563,法拉电子,元器件,福建,29.78
600565,迪马股份,全国地产,重庆,68.7
600566,济川药业,中成药,湖北,29.02
600567,山鹰纸业,造纸,安徽,49.05
600568,中珠控股,区域地产,湖北,138.94
600569,安阳钢铁,普钢,河南,0.0
600570,恒生电子,软件服务,浙江,187.45
600571,信雅达,软件服务,浙江,155.08
600572,康恩贝,中成药,浙江,26.14
600573,惠泉啤酒,啤酒,福建,77.85
600575,皖江物流,水运,安徽,76.15
600576,万家文化,影视音像,浙江,1058.96
600577,精达股份,电气设备,安徽,76.07
600578,京能电力,火力发电,北京,10.9
600579,天华院,化工机械,山东,309.82
600580,卧龙电气,电气设备,浙江,44.62
600581,八一钢铁,普钢,新疆,0.0
600582,天地科技,工程机械,北京,34.56
600583,海油工程,石油开采,天津,14.73
600584,长电科技,半导体,江苏,111.24
600585,海螺水泥,水泥,安徽,10.9
600586,金晶科技,玻璃,山东,0.0
600587,新华医疗,医疗保健,山东,53.57
600588,用友网络,软件服务,北京,0.0
600589,广东榕泰,塑料,广东,218.15
600590,泰豪科技,电气设备,江西,231.33
600592,龙溪股份,机械基件,福建,331.32
600593,大连圣亚,旅游景点,辽宁,38.64
600594,益佰制药,中成药,贵州,70.65
600595,中孚实业,铝,河南,0.0
600596,新安股份,农药化肥,浙江,0.0
600597,光明乳业,乳制品,上海,65.2
600598,北大荒,种植业,黑龙江,23.05
600599,熊猫金控,日用化工,湖南,761.6
600600,青岛啤酒,啤酒,山东,18.14
600601,方正科技,电脑设备,上海,454.86
600602,仪电电子,元器件,上海,161.77
600603,大洲兴业,综合类,福建,0.0
600604,市北高新,园区开发,上海,0.0
600605,汇通能源,商贸代理,上海,450.72
600606,绿地控股,房产服务,上海,32.38
600608,*ST沪科,通信设备,上海,0.0
600609,金杯汽车,汽车整车,辽宁,750.62
600610,中毅达,建筑施工,上海,1316.79
600611,大众交通,公共交通,上海,40.57
600612,老凤祥,服饰,上海,20.18
600613,神奇制药,中成药,上海,56.17
600614,鼎立股份,综合类,上海,193.05
600615,丰华股份,小金属,上海,465.81
600616,金枫酒业,红黄药酒,上海,90.92
600617,国新能源,供气供热,山西,34.31
600618,氯碱化工,化工原料,上海,0.0
600619,海立股份,机械基件,上海,216.73
600620,天宸股份,综合类,上海,102.28
600621,华鑫股份,全国地产,上海,27.41
600622,嘉宝集团,区域地产,上海,28.43
600623,双钱股份,汽车配件,上海,77.12
600624,复旦复华,综合类,上海,209.55
600626,申达股份,纺织,上海,87.13
600628,新世界,百货,上海,175.33
600629,华建集团,玻璃,上海,81.73
600630,龙头股份,纺织,上海,142.32
600633,浙报传媒,出版业,浙江,40.36
600634,中技控股,其他建材,上海,97.45
600635,大众公用,供气供热,上海,45.97
600636,三爱富,化工原料,上海,0.0
600637,东方明珠,影视音像,上海,29.1
600638,新黄浦,区域地产,上海,27.95
600639,浦东金桥,园区开发,上海,48.34
600640,号百控股,酒店餐饮,上海,164.57
600641,万业企业,区域地产,上海,50.82
600642,申能股份,火力发电,上海,12.6
600643,爱建集团,多元金融,上海,37.22
600644,*ST乐电,水力发电,四川,58.52
600645,中源协和,生物制药,天津,171.86
600647,同达创业,综合类,上海,40.4
600648,外高桥,园区开发,上海,52.08
600649,城投控股,区域地产,上海,13.9
600650,锦江投资,公共交通,上海,111.66
600651,飞乐音响,电器仪表,上海,48.52
600652,游久游戏,互联网,上海,2264.72
600653,申华控股,汽车服务,上海,2578.69
600654,中安消,软件服务,上海,173.1
600655,豫园商城,百货,上海,33.27
600657,信达地产,全国地产,北京,45.28
600658,电子城,园区开发,北京,28.79
600660,福耀玻璃,汽车配件,福建,15.28
600661,新南洋,文教休闲,上海,151.05
600662,强生控股,公共交通,上海,84.72
600663,陆家嘴,园区开发,上海,56.25
600664,哈药股份,化学制药,黑龙江,41.45
600665,天地源,全国地产,上海,0.0
600666,奥瑞德,元器件,重庆,117.27
600667,太极实业,半导体,江苏,4055.99
600668,尖峰集团,水泥,浙江,32.42
600671,天目药业,中成药,浙江,0.0
600673,东阳光科,铝,广东,189.82
600674,川投能源,火力发电,四川,10.81
600675,中华企业,区域地产,上海,0.0
600676,交运股份,公共交通,上海,33.42
600677,航天通信,通信设备,浙江,0.0
600678,四川金顶,水泥,四川,0.0
600679,金山开发,文教休闲,上海,0.0
600680,上海普天,通信设备,上海,0.0
600681,万鸿集团,装修装饰,湖北,0.0
600682,南京新百,百货,江苏,0.0
600683,京投银泰,区域地产,浙江,0.0
600684,珠江实业,全国地产,广东,27.79
600685,中船防务,船舶,广东,0.0
600686,金龙汽车,汽车整车,福建,29.87
600687,刚泰控股,综合类,甘肃,89.81
600688,上海石化,石油加工,上海,22.22
600689,上海三毛,纺织,上海,0.0
600690,青岛海尔,家用电器,山东,13.28
600691,*ST阳化,农药化肥,四川,107.24
600692,亚通股份,水运,上海,184.97
600693,东百集团,百货,福建,96.5
600694,大商股份,百货,辽宁,15.24
600695,绿庭投资,多元金融,上海,0.0
600696,匹凸匹,区域地产,上海,0.0
600697,欧亚集团,百货,吉林,18.11
600698,湖南天雁,汽车配件,湖南,3045.85
600699,均胜电子,汽车配件,浙江,59.77
600701,工大高新,综合类,黑龙江,0.0
600702,沱牌舍得,白酒,四川,1067.99
600703,三安光电,半导体,湖北,29.66
600704,物产中大,商贸代理,浙江,25.8
600705,中航资本,多元金融,黑龙江,27.93
600706,曲江文旅,旅游服务,陕西,50.18
600707,彩虹股份,元器件,陕西,0.0
600708,光明地产,全国地产,上海,65.12
600710,*ST常林,工程机械,江苏,0.0
600711,盛屯矿业,小金属,福建,103.36
600712,南宁百货,百货,广西,0.0
600713,南京医药,医药商业,江苏,55.33
600714,金瑞矿业,煤炭开采,青海,0.0
600715,*ST松辽,汽车配件,辽宁,841.15
600716,凤凰股份,区域地产,江苏,0.0
600717,天津港,港口,天津,13.54
600718,东软集团,软件服务,辽宁,135.48
600719,大连热电,供气供热,辽宁,0.0
600720,祁连山,水泥,甘肃,75.91
600721,百花村,焦炭加工,新疆,0.0
600722,*ST金化,化工原料,河北,15.18
600723,首商股份,百货,北京,21.07
600724,宁波富达,区域地产,浙江,0.0
600725,云维股份,焦炭加工,云南,0.0
600726,华电能源,火力发电,黑龙江,61.68
600727,鲁北化工,农药化肥,山东,99.34
600728,佳都科技,软件服务,广东,0.0
600729,重庆百货,百货,重庆,25.75
600730,中国高科,综合类,北京,117.01
600731,湖南海利,农药化肥,湖南,461.98
600732,*ST新梅,区域地产,上海,0.0
600733,S前锋,区域地产,四川,0.0
600734,实达集团,电脑设备,福建,0.0
600735,新华锦,纺织,山东,212.93
600736,苏州高新,园区开发,江苏,109.01
600737,中粮屯河,食品,新疆,290.33
600738,兰州民百,百货,甘肃,37.57
600739,辽宁成大,商贸代理,辽宁,12.35
600740,山西焦化,焦炭加工,山西,0.0
600741,华域汽车,汽车配件,上海,8.78
600742,一汽富维,汽车配件,吉林,14.89
600743,华远地产,区域地产,北京,29.74
600744,华银电力,火力发电,湖南,32.77
600745,中茵股份,区域地产,湖北,0.0
600746,江苏索普,化工原料,江苏,0.0
600747,大连控股,元器件,辽宁,0.0
600748,上实发展,全国地产,上海,52.78
600749,西藏旅游,旅游景点,西藏,0.0
600750,江中药业,中成药,江西,36.49
600751,天海投资,水运,天津,145.96
600753,东方银星,批发业,河南,65.39
600754,锦江股份,酒店餐饮,上海,62.44
600755,厦门国贸,商贸代理,福建,22.81
600756,浪潮软件,软件服务,山东,166.3
600757,长江传媒,出版业,湖北,27.9
600758,红阳能源,供气供热,辽宁,3053.41
600759,洲际油气,石油开采,海南,2696.51
600760,中航黑豹,汽车整车,山东,0.0
600761,安徽合力,工程机械,安徽,20.32
600763,通策医疗,医疗保健,浙江,108.37
600764,中电广通,通信设备,北京,0.0
600765,中航重机,机械基件,贵州,94.17
600766,园城黄金,黄金,山东,126.46
600767,运盛医疗,医疗保健,上海,0.0
600768,宁波富邦,铝,浙江,0.0
600769,祥龙电业,火力发电,湖北,550.73
600770,综艺股份,综合类,江苏,622.75
600771,广誉远,中成药,青海,5769.03
600773,西藏城投,区域地产,西藏,296.41
600774,汉商集团,百货,湖北,377.37
600775,南京熊猫,通信设备,江苏,103.14
600776,东方通信,通信设备,浙江,112.15
600777,新潮实业,综合类,山东,0.0
600778,友好集团,百货,新疆,55.24
600779,*ST水井,白酒,四川,66.4
600780,通宝能源,火力发电,山西,20.76
600781,辅仁药业,中成药,河南,111.3
600782,新钢股份,钢加工,江西,0.0
600783,鲁信创投,矿物制品,山东,106.16
600784,鲁银投资,普钢,山东,638.46
600785,新华百货,百货,宁夏,36.7
600787,中储股份,仓储物流,天津,34.34
600789,鲁抗医药,化学制药,山东,7169.63
600790,轻纺城,商品城,浙江,27.72
600791,京能置业,全国地产,北京,55.7
600792,云煤能源,焦炭加工,云南,0.0
600793,ST宜纸,造纸,四川,0.0
600794,保税科技,仓储物流,江苏,81.85
600795,国电电力,火力发电,辽宁,11.55
600796,钱江生化,农药化肥,浙江,178.21
600797,浙大网新,软件服务,浙江,1669.97
600798,宁波海运,水运,浙江,469.04
600800,天津磁卡,综合类,天津,0.0
600801,华新水泥,水泥,湖北,69.99
600802,福建水泥,水泥,福建,0.0
600803,新奥股份,农药化肥,河北,22.02
600804,鹏博士,电信运营,四川,40.24
600805,悦达投资,综合类,江苏,53.46
600806,昆明机床,机床制造,云南,0.0
600807,天业股份,区域地产,山东,118.86
600808,马钢股份,普钢,安徽,0.0
600809,山西汾酒,白酒,山西,29.39
600810,神马股份,化纤,河南,344.19
600811,东方集团,综合类,黑龙江,21.12
600812,华北制药,化学制药,河北,282.15
600814,杭州解百,百货,浙江,33.31
600815,厦工股份,工程机械,福建,0.0
600816,安信信托,多元金融,上海,18.65
600817,ST宏盛,半导体,上海,0.0
600818,中路股份,文教休闲,上海,329.72
600819,耀皮玻璃,玻璃,上海,0.0
600820,隧道股份,建筑施工,上海,26.67
600821,津劝业,百货,天津,701.74
600822,上海物贸,商贸代理,上海,0.0
600823,世茂股份,全国地产,上海,16.58
600824,益民集团,百货,上海,36.84
600825,新华传媒,出版业,上海,253.35
600826,兰生股份,商贸代理,上海,19.65
600827,百联股份,超市连锁,上海,18.78
600828,成商集团,百货,四川,43.78
600829,人民同泰,医药商业,黑龙江,49.87
600830,香溢融通,多元金融,浙江,61.19
600831,广电网络,影视音像,陕西,70.75
600833,第一医药,医药商业,上海,94.65
600834,申通地铁,公共交通,上海,126.18
600835,上海机电,运输设备,上海,13.42
600836,界龙实业,广告包装,上海,1796.13
600837,海通证券,证券,上海,11.82
600838,上海九百,百货,上海,58.38
600839,四川长虹,家用电器,四川,0.0
600841,上柴股份,机械基件,上海,123.87
600843,上工申贝,纺织机械,上海,39.17
600844,丹化科技,化工原料,上海,0.0
600845,宝信软件,软件服务,上海,82.05
600846,同济科技,综合类,上海,74.79
600847,万里股份,电气设备,重庆,393.25
600848,上海临港,园区开发,上海,130.41
600850,华东电脑,电脑设备,上海,67.49
600851,海欣股份,纺织,上海,92.42
600853,龙建股份,建筑施工,黑龙江,230.49
600854,春兰股份,家用电器,江苏,0.0
600855,航天长峰,专用机械,北京,1716.67
600856,中天能源,供气供热,吉林,74.99
600857,宁波中百,百货,浙江,81.13
600858,银座股份,百货,山东,31.75
600859,王府井,百货,北京,14.67
600860,京城股份,专用机械,北京,0.0
600861,北京城乡,百货,北京,53.14
600862,南通科技,全国地产,江苏,0.0
600863,内蒙华电,火力发电,内蒙,21.0
600864,哈投股份,火力发电,黑龙江,61.16
600865,百大集团,百货,浙江,48.12
600866,星湖科技,食品,广东,0.0
600867,通化东宝,生物制药,吉林,54.82
600868,梅雁吉祥,水力发电,广东,0.0
600869,智慧能源,电气设备,青海,54.96
600870,*ST厦华,家用电器,福建,469.14
600871,石化油服,石油开采,北京,0.0
600872,中炬高新,食品,广东,57.02
600873,梅花生物,食品,西藏,54.64
600874,创业环保,环境保护,天津,34.03
600875,东方电气,电气设备,四川,94.67
600876,洛阳玻璃,玻璃,河南,0.0
600877,中国嘉陵,摩托车,重庆,0.0
600879,航天电子,航空,湖北,104.56
600880,博瑞传播,广告包装,四川,58.37
600881,亚泰集团,水泥,吉林,267.53
600882,华联矿业,普钢,山东,0.0
600883,博闻科技,水泥,云南,24.4
600884,杉杉股份,服饰,浙江,15.24
600885,宏发股份,电气设备,湖北,31.81
600886,国投电力,水力发电,北京,9.54
600887,伊利股份,乳制品,内蒙,18.26
600888,新疆众和,铝,新疆,118.32
600889,南京化纤,化纤,江苏,6.83
600890,中房股份,区域地产,北京,0.0
600891,秋林集团,百货,黑龙江,88.05
600892,宝诚股份,综合类,深圳,0.0
600893,中航动力,航空,陕西,126.36
600894,广日股份,运输设备,广东,6.42
600895,张江高科,园区开发,上海,95.2
600896,中海海盛,水运,海南,86.81
600897,厦门空港,机场,福建,16.59
600898,三联商社,电器连锁,山东,115.89
600900,长江电力,水力发电,北京,17.66
600917,重庆燃气,供气供热,重庆,57.87
600958,东方证券,证券,上海,15.27
600959,江苏有线,影视音像,江苏,69.61
600960,渤海活塞,汽车配件,山东,167.84
600961,株冶集团,铅锌,湖南,0.0
600962,*ST中鲁,软饮料,北京,1234.95
600963,岳阳林纸,造纸,湖南,0.0
600965,福成五丰,农业综合,河北,66.19
600966,博汇纸业,造纸,山东,63.35
600967,北方创业,运输设备,内蒙,0.0
600969,郴电国际,水力发电,湖南,35.27
600970,中材国际,建筑施工,江苏,25.05
600971,恒源煤电,煤炭开采,安徽,0.0
600973,宝胜股份,电气设备,江苏,47.58
600975,新五丰,农业综合,湖南,399.73
600976,健民集团,中成药,湖北,50.14
600978,宜华木业,家居用品,广东,47.11
600979,广安爱众,水力发电,四川,27.7
600980,北矿磁材,元器件,北京,1374.05
600981,汇鸿集团,商贸代理,江苏,27.19
600982,宁波热电,供气供热,浙江,51.37
600983,惠而浦,家用电器,安徽,22.62
600984,*ST建机,工程机械,陕西,1862.32
600985,雷鸣科化,化工原料,安徽,36.45
600986,科达股份,建筑施工,山东,181.76
600987,航民股份,纺织,浙江,16.55
600988,赤峰黄金,黄金,内蒙,63.81
600990,四创电子,通信设备,安徽,216.36
600992,贵绳股份,钢加工,贵州,208.94
600993,马应龙,中成药,湖北,35.21
600995,文山电力,水力发电,云南,27.42
600997,开滦股份,煤炭开采,河北,0.0
600998,九州通,医药商业,湖北,58.48
600999,招商证券,证券,深圳,10.53
601000,唐山港,港口,河北,16.72
601001,大同煤业,煤炭开采,山西,0.0
601002,晋亿实业,机械基件,浙江,0.0
601003,柳钢股份,普钢,广西,0.0
601005,重庆钢铁,普钢,重庆,0.0
601006,大秦铁路,铁路,山西,8.56
601007,金陵饭店,酒店餐饮,江苏,162.35
601008,连云港,港口,江苏,113.65
601009,南京银行,银行,江苏,8.38
601010,文峰股份,超市连锁,江苏,36.34
601011,宝泰隆,焦炭加工,黑龙江,93.81
601012,隆基股份,半导体,陕西,71.56
601015,陕西黑猫,焦炭加工,陕西,157.13
601016,节能风电,新型电力,北京,143.85
601018,宁波港,港口,浙江,35.13
601021,春秋航空,空运,上海,28.09
601028,玉龙股份,钢加工,江苏,37.49
601038,一拖股份,农用机械,河南,43.87
601058,赛轮金宇,汽车配件,山东,38.46
601069,西部黄金,黄金,新疆,155.16
601088,中国神华,煤炭开采,北京,13.19
601098,中南传媒,出版业,湖南,30.57
601099,太平洋,证券,云南,30.94
601100,恒立油缸,工程机械,江苏,110.47
601101,昊华能源,煤炭开采,北京,172.48
601106,中国一重,工程机械,黑龙江,0.0
601107,四川成渝,路桥,四川,13.59
601111,中国国航,空运,北京,12.67
601113,华鼎股份,化纤,浙江,0.0
601116,三江购物,超市连锁,浙江,55.67
601117,中国化学,建筑施工,北京,13.07
601118,海南橡胶,橡胶,海南,0.0
601126,四方股份,电气设备,北京,54.55
601137,博威合金,铜,浙江,70.64
601139,深圳燃气,供气供热,深圳,27.46
601155,新城控股,区域地产,江苏,64.6
601158,重庆水务,水务,重庆,23.86
601166,兴业银行,银行,福建,5.53
601168,西部矿业,铜,青海,976.65
601169,北京银行,银行,北京,6.82
601177,杭齿前进,机械基件,浙江,0.0
601179,中国西电,电气设备,陕西,44.75
601186,中国铁建,建筑施工,北京,16.74
601188,龙江交通,路桥,黑龙江,21.48
601198,东兴证券,证券,北京,29.23
601199,江南水务,水务,江苏,36.88
601208,东材科技,化工原料,四川,63.64
601211,国泰君安,证券,上海,11.64
601216,君正集团,化工原料,内蒙,47.23
601218,吉鑫科技,机械基件,江苏,53.6
601222,林洋电子,电器仪表,江苏,35.66
601225,陕西煤业,煤炭开采,陕西,0.0
601226,华电重工,专用机械,北京,47.79
601231,环旭电子,元器件,上海,46.8
601233,桐昆股份,化纤,浙江,95.09
601238,广汽集团,汽车整车,广东,37.64
601258,庞大集团,汽车服务,河北,322.95
601288,农业银行,银行,北京,5.14
601311,骆驼股份,电气设备,湖北,40.43
601313,江南嘉捷,运输设备,江苏,29.4
601318,中国平安,保险,深圳,9.82
601328,交通银行,银行,上海,6.89
601333,广深铁路,铁路,深圳,28.95
601336,新华保险,保险,北京,12.9
601339,百隆东方,纺织,浙江,32.5
601368,绿城水务,水务,广西,50.01
601369,陕鼓动力,机械基件,陕西,33.95
601377,兴业证券,证券,福建,12.5
601388,怡球资源,铝,江苏,526.25
601390,中国中铁,建筑施工,北京,23.42
601398,工商银行,银行,北京,5.53
601515,东风股份,广告包装,广东,23.77
601518,吉林高速,路桥,吉林,29.0
601519,大智慧,软件服务,上海,0.0
601555,东吴证券,证券,江苏,14.01
601558,华锐风电,电气设备,北京,0.0
601566,九牧王,服饰,福建,29.26
601567,三星医疗,电器仪表,浙江,40.09
601579,会稽山,红黄药酒,浙江,53.4
601588,北辰实业,区域地产,北京,24.56
601599,鹿港科技,纺织,江苏,68.18
601600,中国铝业,铝,北京,0.0
601601,中国太保,保险,上海,12.3
601607,上海医药,医药商业,上海,17.16
601608,中信重工,专用机械,河南,117.66
601616,广电电气,电气设备,上海,157.55
601618,中国中冶,建筑施工,北京,29.47
601628,中国人寿,保险,北京,17.25
601633,长城汽车,汽车整车,河北,13.32
601636,旗滨集团,玻璃,湖南,87.49
601666,平煤股份,煤炭开采,河南,0.0
601668,中国建筑,建筑施工,北京,7.35
601669,中国电建,建筑施工,北京,16.46
601677,明泰铝业,铝,河南,38.96
601678,滨化股份,化工原料,山东,16.77
601688,华泰证券,证券,江苏,11.95
601689,拓普集团,汽车配件,浙江,38.4
601699,潞安环能,煤炭开采,山西,80.72
601700,风范股份,电气设备,江苏,45.96
601717,郑煤机,工程机械,河南,180.82
601718,际华集团,服饰,北京,31.24
601727,上海电气,电气设备,上海,62.11
601766,中国中车,运输设备,北京,33.01
601777,力帆股份,摩托车,重庆,56.1
601788,光大证券,证券,上海,11.33
601789,宁波建工,建筑施工,浙江,28.12
601798,蓝科高新,化工机械,甘肃,138.59
601799,星宇股份,汽车配件,江苏,30.67
601800,中国交建,建筑施工,北京,16.03
601801,皖新传媒,出版业,安徽,32.76
601808,中海油服,石油开采,天津,44.89
601818,光大银行,银行,北京,6.22
601857,中国石油,石油开采,北京,37.23
601866,中海集运,水运,上海,0.0
601872,招商轮船,水运,上海,17.84
601877,正泰电器,电气设备,浙江,19.11
601880,大连港,港口,辽宁,51.78
601886,江河创建,装修装饰,北京,42.2
601888,中国国旅,旅游服务,北京,30.37
601890,亚星锚链,船舶,江苏,143.67
601898,中煤能源,煤炭开采,北京,0.0
601899,紫金矿业,黄金,福建,32.94
601901,方正证券,证券,湖南,14.61
601908,京运通,半导体,北京,54.67
601918,国投新集,煤炭开采,安徽,0.0
601919,中国远洋,水运,天津,473.45
601928,凤凰传媒,出版业,江苏,40.51
601929,吉视传媒,影视音像,吉林,50.35
601933,永辉超市,超市连锁,福建,49.15
601939,建设银行,银行,北京,5.59
601958,金钼股份,小金属,陕西,6139.95
601965,中国汽研,汽车服务,重庆,43.09
601968,宝钢包装,广告包装,上海,129.41
601969,海南矿业,普钢,海南,0.0
601985,中国核电,新型电力,北京,32.03
601988,中国银行,银行,北京,6.78
601989,中国重工,船舶,北京,0.0
601991,大唐发电,火力发电,北京,14.14
601992,金隅股份,水泥,北京,36.92
601996,丰林集团,林业,广西,64.33
601998,中信银行,银行,北京,7.75
601999,出版传媒,出版业,辽宁,85.77
603000,人民网,互联网,北京,126.1
603001,奥康国际,服饰,浙江,41.61
603002,宏昌电子,化工原料,广东,82.45
603003,龙宇燃油,石油贸易,上海,0.0
603005,晶方科技,半导体,江苏,71.4
603006,联明股份,汽车配件,上海,94.69
603008,喜临门,家居用品,浙江,42.41
603009,北特科技,汽车配件,上海,97.73
603010,万盛股份,化工原料,浙江,62.44
603011,合锻股份,机床制造,安徽,186.7
603012,创力集团,专用机械,上海,54.28
603015,弘讯科技,电气设备,浙江,76.78
603017,中衡设计,建筑施工,江苏,77.61
603018,设计股份,建筑施工,江苏,62.46
603019,中科曙光,电脑设备,天津,420.29
603020,爱普股份,食品,上海,46.82
603021,山东华鹏,玻璃,山东,90.26
603022,新通联,广告包装,上海,139.86
603023,威帝股份,汽车配件,黑龙江,70.78
603025,大豪科技,电脑设备,北京,88.21
603026,石大胜华,化工原料,山东,128.16
603030,全筑股份,装修装饰,上海,138.33
603066,音飞储存,专用机械,江苏,108.01
603077,和邦生物,化工原料,四川,105.06
603085,天成自控,专用机械,浙江,141.47
603088,宁波精达,专用机械,浙江,149.27
603099,长白山,旅游服务,吉林,36.49
603100,川仪股份,电器仪表,重庆,44.3
603108,润达医疗,医药商业,上海,106.61
603111,康尼机电,运输设备,江苏,46.85
603116,红蜻蜓,纺织,浙江,44.67
603117,万林股份,仓储物流,江苏,141.49
603118,共进股份,元器件,广东,57.78
603123,翠微股份,百货,北京,42.61
603126,中材节能,环境保护,天津,98.64
603128,华贸物流,仓储物流,上海,65.37
603158,腾龙股份,汽车配件,江苏,69.18
603166,福达股份,汽车配件,广西,240.09
603167,渤海轮渡,水运,山东,27.05
603168,莎普爱思,化学制药,浙江,50.91
603169,兰石重装,专用机械,甘肃,19.32
603188,亚邦股份,染料涂料,江苏,16.66
603198,迎驾贡酒,白酒,安徽,43.77
603199,九华旅游,旅游服务,安徽,66.23
603222,济民制药,化学制药,浙江,129.73
603223,恒通股份,公路,山东,141.85
603227,雪峰科技,化工原料,新疆,72.54
603268,松发股份,陶瓷,广东,127.92
603288,海天味业,食品,广东,38.5
603300,华铁科技,钢加工,浙江,95.05
603306,华懋科技,汽车配件,福建,42.02
603308,应流股份,专用机械,安徽,111.56
603309,维力医疗,医疗保健,广东,82.46
603311,金海环境,专用机械,浙江,111.08
603315,福鞍股份,机械基件,辽宁,86.18
603318,派思股份,专用机械,辽宁,294.63
603328,依顿电子,元器件,广东,33.11
603333,明星电缆,电气设备,四川,255.71
603338,浙江鼎力,专用机械,浙江,61.64
603355,莱克电气,电气设备,江苏,58.47
603366,日出东方,家用电器,江苏,43.03
603368,柳州医药,医药商业,广西,47.46
603369,今世缘,白酒,江苏,21.13
603398,邦宝益智,文教休闲,广东,34.76
603399,新华龙,小金属,辽宁,0.0
603456,九洲药业,化学制药,浙江,64.26
603518,维格娜丝,服饰,江苏,46.46
603519,立霸股份,家用电器,江苏,66.79
603555,贵人鸟,服饰,福建,71.89
603558,健盛集团,纺织,浙江,55.9
603566,普莱柯,生物制药,河南,54.37
603567,珍宝岛,中成药,黑龙江,55.93
603568,伟明环保,环境保护,浙江,79.96
603588,高能环境,环境保护,北京,210.62
603589,口子窖,白酒,安徽,31.36
603598,引力传媒,影视音像,北京,227.35
603599,广信股份,农药化肥,安徽,56.42
603600,永艺股份,家居用品,浙江,77.86
603601,再升科技,玻璃,重庆,126.07
603606,东方电缆,电气设备,浙江,132.81
603609,禾丰牧业,饲料,辽宁,38.87
603611,诺力股份,运输设备,浙江,49.45
603616,韩建河山,其他建材,北京,798.27
603618,杭电股份,电气设备,浙江,53.17
603636,南威软件,软件服务,福建,239.08
603669,灵康药业,化学制药,西藏,62.82
603678,火炬电子,元器件,福建,92.93
603686,龙马环卫,专用机械,福建,57.48
603688,石英股份,矿物制品,江苏,59.22
603696,安记食品,食品,福建,42.63
603698,航天工程,专用机械,北京,75.02
603699,纽威股份,专用机械,江苏,34.66
603703,盛洋科技,电气设备,浙江,248.03
603718,海利生物,生物制药,上海,133.53
603729,龙韵股份,广告包装,上海,132.55
603766,隆鑫通用,摩托车,重庆,22.17
603788,宁波高发,汽车配件,浙江,46.08
603789,星光农机,农用机械,浙江,69.01
603799,华友钴业,小金属,浙江,0.0
603800,道森股份,专用机械,江苏,85.5
603806,福斯特,塑料,浙江,31.19
603808,歌力思,服饰,深圳,56.66
603818,曲美家居,家居用品,北京,87.49
603828,柯利达,装修装饰,江苏,75.74
603838,四通股份,陶瓷,广东,85.8
603869,北部湾旅,旅游服务,广西,53.59
603883,老百姓,医药商业,湖南,84.11
603885,吉祥航空,空运,上海,29.91
603889,新澳股份,纺织,浙江,33.88
603898,好莱客,家居用品,广东,64.91
603899,晨光文具,文教休闲,上海,39.2
603901,永创智能,专用机械,浙江,74.98
603918,金桥信息,软件服务,上海,712.34
603936,博敏电子,元器件,广东,40.13
603939,益丰药房,医药商业,湖南,77.66
603968,醋化股份,化工原料,江苏,47.64
603969,银龙股份,其他建材,天津,52.41
603979,金诚信,建筑施工,北京,43.85
603988,中电电机,电气设备,江苏,81.35
603989,艾华集团,元器件,湖南,54.51
603993,洛阳钼业,小金属,河南,93.87
603997,继峰股份,汽车配件,浙江,64.19
603998,方盛制药,中成药,湖南,72.99
603999,读者传媒,出版业,甘肃,44.41
600656,*ST博元,综合类,广东,0.0
